/*
Navicat MySQL Data Transfer

Source Server         : 192.168.3.32_3306
Source Server Version : 50647
Source Host           : 192.168.3.32:3306
Source Database       : bicycle

Target Server Type    : MYSQL
Target Server Version : 50647
File Encoding         : 65001

Date: 2020-06-15 19:56:28
*/

SET FOREIGN_KEY_CHECKS=0;

-- ----------------------------
-- Table structure for `bill_check`
-- ----------------------------
DROP TABLE IF EXISTS `bill_check`;
CREATE TABLE `bill_check` (
  `id` varchar(50) NOT NULL COMMENT '单据id',
  `create_time` timestamp NOT NULL DEFAULT CURRENT_TIMESTAMP COMMENT '创建时间',
  `update_time` timestamp NOT NULL DEFAULT CURRENT_TIMESTAMP ON UPDATE CURRENT_TIMESTAMP COMMENT '修改时间',
  `staff_id` varchar(50) NOT NULL COMMENT '员工id',
  `status_id` int(2) NOT NULL COMMENT '状态id',
  PRIMARY KEY (`id`),
  KEY `FK_ref5` (`staff_id`),
  KEY `FK_ref6` (`status_id`),
  CONSTRAINT `FK_ref5` FOREIGN KEY (`staff_id`) REFERENCES `tb_staff` (`id`),
  CONSTRAINT `FK_ref6` FOREIGN KEY (`status_id`) REFERENCES `tb_status` (`id`)
) ENGINE=InnoDB DEFAULT CHARSET=utf8 COMMENT='验收单';

-- ----------------------------
-- Records of bill_check
-- ----------------------------
INSERT INTO `bill_check` VALUES ('CHK2020060211045081729', '2020-06-02 23:04:51', '2020-06-02 23:19:03', 'staff_fbd68f29461441bdbc4f387f2590a1b3', '9');
INSERT INTO `bill_check` VALUES ('CHK2020060412041750223', '2020-06-04 12:04:17', '2020-06-04 12:04:36', 'staff_fbd68f29461441bdbc4f387f2590a1b3', '9');
INSERT INTO `bill_check` VALUES ('CHK2020060412072534677', '2020-06-04 12:07:25', '2020-06-04 12:07:40', 'staff_fbd68f29461441bdbc4f387f2590a1b3', '9');
INSERT INTO `bill_check` VALUES ('CHK2020060412092720108', '2020-06-04 12:09:28', '2020-06-04 12:09:38', 'staff_fbd68f29461441bdbc4f387f2590a1b3', '9');
INSERT INTO `bill_check` VALUES ('CHK2020060610512157761', '2020-06-06 10:51:21', '2020-06-06 10:52:27', 'staff_fbd68f29461441bdbc4f387f2590a1b3', '9');
INSERT INTO `bill_check` VALUES ('CHK2020060611151611015', '2020-06-06 11:15:16', '2020-06-06 11:15:29', 'staff_fbd68f29461441bdbc4f387f2590a1b3', '9');
INSERT INTO `bill_check` VALUES ('CHK2020060709121930612', '2020-06-07 09:12:19', '2020-06-07 09:12:36', 'staff_fbd68f29461441bdbc4f387f2590a1b3', '9');
INSERT INTO `bill_check` VALUES ('CHK2020060709151737435', '2020-06-07 09:15:18', '2020-06-07 09:15:33', 'staff_fbd68f29461441bdbc4f387f2590a1b3', '9');

-- ----------------------------
-- Table structure for `bill_enter`
-- ----------------------------
DROP TABLE IF EXISTS `bill_enter`;
CREATE TABLE `bill_enter` (
  `id` varchar(50) NOT NULL COMMENT '单据id',
  `create_time` timestamp NOT NULL DEFAULT CURRENT_TIMESTAMP COMMENT '创建时间',
  `update_time` timestamp NOT NULL DEFAULT CURRENT_TIMESTAMP ON UPDATE CURRENT_TIMESTAMP COMMENT '更新时间',
  `staff_id` varchar(50) NOT NULL COMMENT '员工id',
  `status_id` int(2) NOT NULL COMMENT '状态id',
  PRIMARY KEY (`id`),
  KEY `FK_ref10` (`staff_id`),
  KEY `FK_ref11` (`status_id`),
  CONSTRAINT `FK_ref10` FOREIGN KEY (`staff_id`) REFERENCES `tb_staff` (`id`),
  CONSTRAINT `FK_ref11` FOREIGN KEY (`status_id`) REFERENCES `tb_status` (`id`)
) ENGINE=InnoDB DEFAULT CHARSET=utf8 COMMENT='入库单';

-- ----------------------------
-- Records of bill_enter
-- ----------------------------
INSERT INTO `bill_enter` VALUES ('ENT2020060211190245034', '2020-06-02 23:19:03', '2020-06-02 23:19:03', 'staff_fbd68f29461441bdbc4f387f2590a1b3', '9');
INSERT INTO `bill_enter` VALUES ('ENT2020060412043546363', '2020-06-04 12:04:36', '2020-06-04 12:04:36', 'staff_fbd68f29461441bdbc4f387f2590a1b3', '9');
INSERT INTO `bill_enter` VALUES ('ENT2020060412074088643', '2020-06-04 12:07:40', '2020-06-04 12:07:40', 'staff_fbd68f29461441bdbc4f387f2590a1b3', '9');
INSERT INTO `bill_enter` VALUES ('ENT2020060412093716240', '2020-06-04 12:09:38', '2020-06-04 12:09:38', 'staff_fbd68f29461441bdbc4f387f2590a1b3', '9');
INSERT INTO `bill_enter` VALUES ('ENT2020060610522653251', '2020-06-06 10:52:27', '2020-06-06 10:52:27', 'staff_fbd68f29461441bdbc4f387f2590a1b3', '9');
INSERT INTO `bill_enter` VALUES ('ENT2020060611152807628', '2020-06-06 11:15:28', '2020-06-06 11:15:28', 'staff_fbd68f29461441bdbc4f387f2590a1b3', '9');
INSERT INTO `bill_enter` VALUES ('ENT2020060709123669785', '2020-06-07 09:12:36', '2020-06-07 09:12:36', 'staff_fbd68f29461441bdbc4f387f2590a1b3', '9');
INSERT INTO `bill_enter` VALUES ('ENT2020060709153339406', '2020-06-07 09:15:33', '2020-06-07 09:15:33', 'staff_fbd68f29461441bdbc4f387f2590a1b3', '9');

-- ----------------------------
-- Table structure for `bill_invoice`
-- ----------------------------
DROP TABLE IF EXISTS `bill_invoice`;
CREATE TABLE `bill_invoice` (
  `id` varchar(50) NOT NULL COMMENT '单据id',
  `create_time` timestamp NOT NULL DEFAULT CURRENT_TIMESTAMP COMMENT '创建时间',
  `update_time` timestamp NOT NULL DEFAULT CURRENT_TIMESTAMP ON UPDATE CURRENT_TIMESTAMP COMMENT '更新时间',
  `staff_id` varchar(50) NOT NULL COMMENT '操作员id',
  `order_id` varchar(50) NOT NULL COMMENT '关联订单id，从出库单获取',
  `status_id` int(2) NOT NULL COMMENT '状态id',
  `odo_id` varchar(50) NOT NULL,
  PRIMARY KEY (`id`),
  KEY `FK_ref16` (`order_id`),
  KEY `FK_ref17` (`staff_id`),
  KEY `FK_ref18` (`status_id`),
  KEY `FK_ref46` (`odo_id`),
  CONSTRAINT `FK_ref16` FOREIGN KEY (`order_id`) REFERENCES `bill_order` (`id`),
  CONSTRAINT `FK_ref17` FOREIGN KEY (`staff_id`) REFERENCES `tb_staff` (`id`),
  CONSTRAINT `FK_ref18` FOREIGN KEY (`status_id`) REFERENCES `tb_status` (`id`),
  CONSTRAINT `FK_ref46` FOREIGN KEY (`odo_id`) REFERENCES `bill_odo` (`id`)
) ENGINE=InnoDB DEFAULT CHARSET=utf8 COMMENT='发货单表头，一个发货单对应一个订货单，多个发货单可以对应一个出库单。';

-- ----------------------------
-- Records of bill_invoice
-- ----------------------------
INSERT INTO `bill_invoice` VALUES ('INV2020060211012012025', '2020-06-02 23:01:21', '2020-06-02 23:01:21', 'staff_fbd68f29461441bdbc4f387f2590a1b3', 'ORD2020060210592430596', '5', 'ODO2020060211003578179');
INSERT INTO `bill_invoice` VALUES ('INV2020060211012075372', '2020-06-02 23:01:21', '2020-06-02 23:01:21', 'staff_fbd68f29461441bdbc4f387f2590a1b3', 'ORD2020060210594895855', '5', 'ODO2020060211003578179');
INSERT INTO `bill_invoice` VALUES ('INV2020060308093917434', '2020-06-03 20:09:39', '2020-06-03 20:09:39', 'staff_fbd68f29461441bdbc4f387f2590a1b3', 'ORD2020060308015594466', '5', 'ODO2020060308073818526');
INSERT INTO `bill_invoice` VALUES ('INV2020060308093942076', '2020-06-03 20:09:39', '2020-06-03 20:09:39', 'staff_fbd68f29461441bdbc4f387f2590a1b3', 'ORD2020060308005824708', '5', 'ODO2020060308073818526');
INSERT INTO `bill_invoice` VALUES ('INV2020060308093962492', '2020-06-03 20:09:39', '2020-06-03 20:09:39', 'staff_fbd68f29461441bdbc4f387f2590a1b3', 'ORD2020060308014085238', '5', 'ODO2020060308073818526');
INSERT INTO `bill_invoice` VALUES ('INV2020060412063123828', '2020-06-04 12:06:32', '2020-06-04 12:06:32', 'staff_fbd68f29461441bdbc4f387f2590a1b3', 'ORD2020060412054470432', '5', 'ODO2020060412061512776');
INSERT INTO `bill_invoice` VALUES ('INV2020060609593801631', '2020-06-06 21:59:38', '2020-06-06 21:59:38', 'staff_fbd68f29461441bdbc4f387f2590a1b3', 'ORD2020060610441073618', '5', 'ODO2020060609564678358');
INSERT INTO `bill_invoice` VALUES ('INV2020060609593805429', '2020-06-06 21:59:38', '2020-06-06 21:59:38', 'staff_fbd68f29461441bdbc4f387f2590a1b3', 'ORD2020060610112763269', '5', 'ODO2020060609564678358');
INSERT INTO `bill_invoice` VALUES ('INV2020060610100402966', '2020-06-06 10:10:04', '2020-06-06 10:10:04', 'staff_fbd68f29461441bdbc4f387f2590a1b3', 'ORD2020060409554792624', '5', 'ODO2020060610093635529');
INSERT INTO `bill_invoice` VALUES ('INV2020060610100406110', '2020-06-06 10:10:04', '2020-06-06 10:10:04', 'staff_fbd68f29461441bdbc4f387f2590a1b3', 'ORD2020060410452370186', '5', 'ODO2020060610093635529');
INSERT INTO `bill_invoice` VALUES ('INV2020060610100420078', '2020-06-06 10:10:04', '2020-06-06 10:10:04', 'staff_fbd68f29461441bdbc4f387f2590a1b3', 'ORD2020060410454411525', '5', 'ODO2020060610081576515');
INSERT INTO `bill_invoice` VALUES ('INV2020060610100422886', '2020-06-06 10:10:04', '2020-06-06 10:10:04', 'staff_fbd68f29461441bdbc4f387f2590a1b3', 'ORD2020060409555166264', '5', 'ODO2020060610091482656');
INSERT INTO `bill_invoice` VALUES ('INV2020060610100437619', '2020-06-06 10:10:04', '2020-06-06 10:10:04', 'staff_fbd68f29461441bdbc4f387f2590a1b3', 'ORD2020060409554366986', '5', 'ODO2020060610094128034');
INSERT INTO `bill_invoice` VALUES ('INV2020060610100452053', '2020-06-06 10:10:04', '2020-06-06 10:10:04', 'staff_fbd68f29461441bdbc4f387f2590a1b3', 'ORD2020060410453028922', '5', 'ODO2020060610082904757');
INSERT INTO `bill_invoice` VALUES ('INV2020060610100456199', '2020-06-06 10:10:04', '2020-06-06 10:10:04', 'staff_fbd68f29461441bdbc4f387f2590a1b3', 'ORD2020060410455007132', '5', 'ODO2020060610080905603');
INSERT INTO `bill_invoice` VALUES ('INV2020060610100457384', '2020-06-06 10:10:04', '2020-06-06 10:10:04', 'staff_fbd68f29461441bdbc4f387f2590a1b3', 'ORD2020060409553908701', '5', 'ODO2020060610094128034');
INSERT INTO `bill_invoice` VALUES ('INV2020060610100469731', '2020-06-06 10:10:04', '2020-06-06 10:10:04', 'staff_fbd68f29461441bdbc4f387f2590a1b3', 'ORD2020060410454075352', '5', 'ODO2020060610082904757');
INSERT INTO `bill_invoice` VALUES ('INV2020060610100475380', '2020-06-06 10:10:04', '2020-06-06 10:10:04', 'staff_fbd68f29461441bdbc4f387f2590a1b3', 'ORD2020060410420193608', '5', 'ODO2020060610091482656');
INSERT INTO `bill_invoice` VALUES ('INV2020060610100489040', '2020-06-06 10:10:04', '2020-06-06 10:10:04', 'staff_fbd68f29461441bdbc4f387f2590a1b3', 'ORD2020060409553151927', '5', 'ODO2020060610094128034');
INSERT INTO `bill_invoice` VALUES ('INV2020060610100495085', '2020-06-06 10:10:04', '2020-06-06 10:10:04', 'staff_fbd68f29461441bdbc4f387f2590a1b3', 'ORD2020060409553510276', '5', 'ODO2020060610094128034');
INSERT INTO `bill_invoice` VALUES ('INV2020060709111432360', '2020-06-07 09:11:15', '2020-06-07 09:11:15', 'staff_fbd68f29461441bdbc4f387f2590a1b3', 'ORD2020060709103357050', '5', 'ODO2020060709110399239');
INSERT INTO `bill_invoice` VALUES ('INV2020060712090444525', '2020-06-07 12:09:04', '2020-06-07 12:09:04', 'staff_cc1894c8cfb346858fc64ae071d39259', 'ORD2020060710121242123', '5', 'ODO2020060712084415338');
INSERT INTO `bill_invoice` VALUES ('INV2020060712090445133', '2020-06-07 12:09:04', '2020-06-07 12:09:04', 'staff_cc1894c8cfb346858fc64ae071d39259', 'ORD2020060712080407514', '5', 'ODO2020060712084415338');
INSERT INTO `bill_invoice` VALUES ('INV2020060811030285563', '2020-06-08 11:03:03', '2020-06-08 11:03:03', 'staff_cc1894c8cfb346858fc64ae071d39259', 'ORD2020060810482963976', '5', 'ODO2020060811025457263');

-- ----------------------------
-- Table structure for `bill_odo`
-- ----------------------------
DROP TABLE IF EXISTS `bill_odo`;
CREATE TABLE `bill_odo` (
  `id` varchar(50) NOT NULL COMMENT '单据id',
  `create_time` timestamp NOT NULL DEFAULT CURRENT_TIMESTAMP COMMENT '创建时间',
  `update_time` timestamp NOT NULL DEFAULT CURRENT_TIMESTAMP ON UPDATE CURRENT_TIMESTAMP COMMENT '修改时间',
  `staff_id` varchar(50) NOT NULL COMMENT '员工id',
  `status_id` int(2) NOT NULL COMMENT '状态id',
  PRIMARY KEY (`id`),
  KEY `FK_ref22` (`staff_id`),
  KEY `FK_ref23` (`status_id`),
  CONSTRAINT `FK_ref22` FOREIGN KEY (`staff_id`) REFERENCES `tb_staff` (`id`),
  CONSTRAINT `FK_ref23` FOREIGN KEY (`status_id`) REFERENCES `tb_status` (`id`)
) ENGINE=InnoDB DEFAULT CHARSET=utf8 COMMENT='出库单表头，一张出库单可关联多张订货单，具体在出库单详情里。';

-- ----------------------------
-- Records of bill_odo
-- ----------------------------
INSERT INTO `bill_odo` VALUES ('ODO2020060211003578179', '2020-06-02 23:00:35', '2020-06-02 23:01:21', 'staff_fbd68f29461441bdbc4f387f2590a1b3', '5');
INSERT INTO `bill_odo` VALUES ('ODO2020060308073818526', '2020-06-03 20:07:38', '2020-06-03 20:09:39', 'staff_fbd68f29461441bdbc4f387f2590a1b3', '5');
INSERT INTO `bill_odo` VALUES ('ODO2020060412061512776', '2020-06-04 12:06:16', '2020-06-04 12:06:32', 'staff_fbd68f29461441bdbc4f387f2590a1b3', '5');
INSERT INTO `bill_odo` VALUES ('ODO2020060609564678358', '2020-06-06 21:56:47', '2020-06-06 21:59:38', 'staff_fbd68f29461441bdbc4f387f2590a1b3', '5');
INSERT INTO `bill_odo` VALUES ('ODO2020060610080905603', '2020-06-06 10:08:09', '2020-06-06 10:10:04', 'staff_fbd68f29461441bdbc4f387f2590a1b3', '5');
INSERT INTO `bill_odo` VALUES ('ODO2020060610081576515', '2020-06-06 10:08:16', '2020-06-06 10:10:04', 'staff_fbd68f29461441bdbc4f387f2590a1b3', '5');
INSERT INTO `bill_odo` VALUES ('ODO2020060610082904757', '2020-06-06 10:08:29', '2020-06-06 10:10:04', 'staff_fbd68f29461441bdbc4f387f2590a1b3', '5');
INSERT INTO `bill_odo` VALUES ('ODO2020060610091482656', '2020-06-06 10:09:14', '2020-06-06 10:10:04', 'staff_fbd68f29461441bdbc4f387f2590a1b3', '5');
INSERT INTO `bill_odo` VALUES ('ODO2020060610093635529', '2020-06-06 10:09:37', '2020-06-06 10:10:04', 'staff_fbd68f29461441bdbc4f387f2590a1b3', '5');
INSERT INTO `bill_odo` VALUES ('ODO2020060610094128034', '2020-06-06 10:09:41', '2020-06-06 10:10:04', 'staff_fbd68f29461441bdbc4f387f2590a1b3', '5');
INSERT INTO `bill_odo` VALUES ('ODO2020060709110399239', '2020-06-07 09:11:03', '2020-06-07 09:11:15', 'staff_fbd68f29461441bdbc4f387f2590a1b3', '5');
INSERT INTO `bill_odo` VALUES ('ODO2020060712084415338', '2020-06-07 12:08:44', '2020-06-07 12:09:04', 'staff_cc1894c8cfb346858fc64ae071d39259', '5');
INSERT INTO `bill_odo` VALUES ('ODO2020060811025457263', '2020-06-08 11:02:54', '2020-06-08 11:03:03', 'staff_cc1894c8cfb346858fc64ae071d39259', '5');

-- ----------------------------
-- Table structure for `bill_order`
-- ----------------------------
DROP TABLE IF EXISTS `bill_order`;
CREATE TABLE `bill_order` (
  `id` varchar(50) NOT NULL COMMENT '订货单id',
  `create_time` timestamp NOT NULL DEFAULT CURRENT_TIMESTAMP COMMENT '创建时间',
  `user_id` varchar(50) NOT NULL COMMENT '用户编号',
  `status_id` int(2) NOT NULL COMMENT '状态id',
  PRIMARY KEY (`id`),
  KEY `FK_ref26` (`status_id`),
  KEY `FK_ref27` (`user_id`),
  CONSTRAINT `FK_ref26` FOREIGN KEY (`status_id`) REFERENCES `tb_status` (`id`),
  CONSTRAINT `FK_ref27` FOREIGN KEY (`user_id`) REFERENCES `tb_user` (`id`)
) ENGINE=InnoDB DEFAULT CHARSET=utf8 COMMENT='订货单表头，一张订货单可关联多个商品，具体在订货单详情表里';

-- ----------------------------
-- Records of bill_order
-- ----------------------------
INSERT INTO `bill_order` VALUES ('ORD2020060210592430596', '2020-06-02 22:59:25', 'user_f36be60651c34f318f8f49c8cb95fe96', '10');
INSERT INTO `bill_order` VALUES ('ORD2020060210594895855', '2020-06-02 22:59:48', 'user_f36be60651c34f318f8f49c8cb95fe96', '10');
INSERT INTO `bill_order` VALUES ('ORD2020060308005824708', '2020-06-03 20:00:59', 'user_f36be60651c34f318f8f49c8cb95fe96', '5');
INSERT INTO `bill_order` VALUES ('ORD2020060308014085238', '2020-06-03 20:01:40', 'user_f36be60651c34f318f8f49c8cb95fe96', '5');
INSERT INTO `bill_order` VALUES ('ORD2020060308015594466', '2020-06-03 20:01:55', 'user_f36be60651c34f318f8f49c8cb95fe96', '10');
INSERT INTO `bill_order` VALUES ('ORD2020060409553151927', '2020-06-04 21:55:31', 'user_f36be60651c34f318f8f49c8cb95fe96', '5');
INSERT INTO `bill_order` VALUES ('ORD2020060409553510276', '2020-06-04 21:55:35', 'user_f36be60651c34f318f8f49c8cb95fe96', '5');
INSERT INTO `bill_order` VALUES ('ORD2020060409553908701', '2020-06-04 21:55:40', 'user_f36be60651c34f318f8f49c8cb95fe96', '10');
INSERT INTO `bill_order` VALUES ('ORD2020060409554366986', '2020-06-04 21:55:44', 'user_f36be60651c34f318f8f49c8cb95fe96', '10');
INSERT INTO `bill_order` VALUES ('ORD2020060409554792624', '2020-06-04 21:55:48', 'user_f36be60651c34f318f8f49c8cb95fe96', '5');
INSERT INTO `bill_order` VALUES ('ORD2020060409555166264', '2020-06-04 21:55:52', 'user_f36be60651c34f318f8f49c8cb95fe96', '5');
INSERT INTO `bill_order` VALUES ('ORD2020060410420193608', '2020-06-04 22:42:02', 'user_f36be60651c34f318f8f49c8cb95fe96', '5');
INSERT INTO `bill_order` VALUES ('ORD2020060410452370186', '2020-06-04 22:45:23', 'user_f36be60651c34f318f8f49c8cb95fe96', '10');
INSERT INTO `bill_order` VALUES ('ORD2020060410453028922', '2020-06-04 22:45:30', 'user_f36be60651c34f318f8f49c8cb95fe96', '5');
INSERT INTO `bill_order` VALUES ('ORD2020060410454075352', '2020-06-04 22:45:40', 'user_f36be60651c34f318f8f49c8cb95fe96', '10');
INSERT INTO `bill_order` VALUES ('ORD2020060410454411525', '2020-06-04 22:45:45', 'user_f36be60651c34f318f8f49c8cb95fe96', '10');
INSERT INTO `bill_order` VALUES ('ORD2020060410455007132', '2020-06-04 22:45:51', 'user_f36be60651c34f318f8f49c8cb95fe96', '10');
INSERT INTO `bill_order` VALUES ('ORD2020060412054470432', '2020-06-04 12:05:45', 'user_f36be60651c34f318f8f49c8cb95fe96', '10');
INSERT INTO `bill_order` VALUES ('ORD2020060610112763269', '2020-06-06 10:11:28', 'user_f36be60651c34f318f8f49c8cb95fe96', '5');
INSERT INTO `bill_order` VALUES ('ORD2020060610441073618', '2020-06-06 10:44:11', 'user_f36be60651c34f318f8f49c8cb95fe96', '5');
INSERT INTO `bill_order` VALUES ('ORD2020060709103357050', '2020-06-07 09:10:34', 'user_f36be60651c34f318f8f49c8cb95fe96', '10');
INSERT INTO `bill_order` VALUES ('ORD2020060710121242123', '2020-06-07 10:12:13', 'user_f36be60651c34f318f8f49c8cb95fe96', '5');
INSERT INTO `bill_order` VALUES ('ORD2020060712080407514', '2020-06-07 12:08:04', 'user_f36be60651c34f318f8f49c8cb95fe96', '5');
INSERT INTO `bill_order` VALUES ('ORD2020060810482963976', '2020-06-08 10:48:29', 'user_f36be60651c34f318f8f49c8cb95fe96', '5');

-- ----------------------------
-- Table structure for `bill_purchase`
-- ----------------------------
DROP TABLE IF EXISTS `bill_purchase`;
CREATE TABLE `bill_purchase` (
  `id` varchar(50) NOT NULL COMMENT '单据id',
  `create_time` timestamp NOT NULL DEFAULT CURRENT_TIMESTAMP COMMENT '创建时间',
  `update_time` timestamp NOT NULL DEFAULT CURRENT_TIMESTAMP ON UPDATE CURRENT_TIMESTAMP COMMENT '更新时间',
  `staff_id` varchar(50) NOT NULL COMMENT '员工id',
  `status_id` int(2) NOT NULL COMMENT '状态id',
  `send_time` varchar(32) NOT NULL,
  `address` text NOT NULL,
  PRIMARY KEY (`id`),
  KEY `FK_ref31` (`staff_id`),
  KEY `FK_ref32` (`status_id`),
  CONSTRAINT `FK_ref31` FOREIGN KEY (`staff_id`) REFERENCES `tb_staff` (`id`),
  CONSTRAINT `FK_ref32` FOREIGN KEY (`status_id`) REFERENCES `tb_status` (`id`)
) ENGINE=InnoDB DEFAULT CHARSET=utf8;

-- ----------------------------
-- Records of bill_purchase
-- ----------------------------
INSERT INTO `bill_purchase` VALUES ('PUR2020060411261831332', '2020-06-04 11:26:18', '2020-06-05 17:16:04', 'staff_fbd68f29461441bdbc4f387f2590a1b3', '7', '2020-06-11 11:26:14', '北京');
INSERT INTO `bill_purchase` VALUES ('PUR2020060412085832037', '2020-06-04 12:08:58', '2020-06-05 17:16:10', 'staff_fbd68f29461441bdbc4f387f2590a1b3', '7', '2020-06-11 12:8:54', '北京');
INSERT INTO `bill_purchase` VALUES ('PUR2020060505144952086', '2020-06-05 17:14:50', '2020-06-06 10:51:21', 'staff_fbd68f29461441bdbc4f387f2590a1b3', '7', '2020-06-12 17:14:27', '北京');
INSERT INTO `bill_purchase` VALUES ('PUR2020060610550677485', '2020-06-06 10:55:07', '2020-06-06 11:15:16', 'staff_fbd68f29461441bdbc4f387f2590a1b3', '7', '2020-06-13 10:54:59', '北京');
INSERT INTO `bill_purchase` VALUES ('PUR2020060611081759529', '2020-06-06 11:08:18', '2020-06-06 11:15:16', 'staff_fbd68f29461441bdbc4f387f2590a1b3', '7', '2020-06-13 11:8:15', '北京');
INSERT INTO `bill_purchase` VALUES ('PUR2020060709143861742', '2020-06-07 09:14:38', '2020-06-07 09:15:18', 'staff_fbd68f29461441bdbc4f387f2590a1b3', '7', '2020-06-14 9:14:30', '北京');
INSERT INTO `bill_purchase` VALUES ('PUR2020060712101048030', '2020-06-07 12:10:11', '2020-06-07 12:10:11', 'staff_cc1894c8cfb346858fc64ae071d39259', '6', '2020-06-14 12:10:7', '北京');

-- ----------------------------
-- Table structure for `bill_return`
-- ----------------------------
DROP TABLE IF EXISTS `bill_return`;
CREATE TABLE `bill_return` (
  `id` varchar(50) NOT NULL COMMENT '单据id',
  `create_time` timestamp NOT NULL DEFAULT CURRENT_TIMESTAMP COMMENT '创建时间',
  `order_id` varchar(50) NOT NULL COMMENT '关联订货单',
  `status_id` int(2) NOT NULL COMMENT '状态id',
  PRIMARY KEY (`id`),
  KEY `FK_ref34` (`order_id`),
  KEY `FK_ref36` (`status_id`),
  CONSTRAINT `FK_ref34` FOREIGN KEY (`order_id`) REFERENCES `bill_order` (`id`),
  CONSTRAINT `FK_ref36` FOREIGN KEY (`status_id`) REFERENCES `tb_status` (`id`)
) ENGINE=InnoDB DEFAULT CHARSET=utf8 COMMENT='还车单';

-- ----------------------------
-- Records of bill_return
-- ----------------------------
INSERT INTO `bill_return` VALUES ('RET2020060211022764462', '2020-06-02 23:02:26', 'ORD2020060210594895855', '7');
INSERT INTO `bill_return` VALUES ('RET2020060211025601264', '2020-06-02 23:02:54', 'ORD2020060210592430596', '7');
INSERT INTO `bill_return` VALUES ('RET2020060411363837569', '2020-06-04 11:36:37', 'ORD2020060308015594466', '7');
INSERT INTO `bill_return` VALUES ('RET2020060412065305574', '2020-06-04 12:06:52', 'ORD2020060412054470432', '7');
INSERT INTO `bill_return` VALUES ('RET2020060610144430784', '2020-06-06 10:14:42', 'ORD2020060410455007132', '7');
INSERT INTO `bill_return` VALUES ('RET2020060610183366255', '2020-06-06 10:18:32', 'ORD2020060410454411525', '7');
INSERT INTO `bill_return` VALUES ('RET2020060610191680656', '2020-06-06 10:19:15', 'ORD2020060410454075352', '7');
INSERT INTO `bill_return` VALUES ('RET2020060610442073144', '2020-06-06 10:44:18', 'ORD2020060410452370186', '7');
INSERT INTO `bill_return` VALUES ('RET2020060610443143529', '2020-06-06 10:44:30', 'ORD2020060409553908701', '7');
INSERT INTO `bill_return` VALUES ('RET2020060610443877324', '2020-06-06 10:44:37', 'ORD2020060409554366986', '7');
INSERT INTO `bill_return` VALUES ('RET2020060709114680282', '2020-06-07 09:11:41', 'ORD2020060709103357050', '7');

-- ----------------------------
-- Table structure for `bill_shortage`
-- ----------------------------
DROP TABLE IF EXISTS `bill_shortage`;
CREATE TABLE `bill_shortage` (
  `id` varchar(50) NOT NULL COMMENT '单据id',
  `create_time` timestamp NOT NULL DEFAULT CURRENT_TIMESTAMP COMMENT '创建时间',
  `update_time` timestamp NOT NULL DEFAULT CURRENT_TIMESTAMP ON UPDATE CURRENT_TIMESTAMP COMMENT '修改时间',
  `staff_id` varchar(50) NOT NULL COMMENT '员工id',
  `status_id` int(2) NOT NULL COMMENT '状态id',
  PRIMARY KEY (`id`),
  KEY `FK_ref40` (`status_id`),
  KEY `FK_ref42` (`staff_id`),
  CONSTRAINT `FK_ref40` FOREIGN KEY (`status_id`) REFERENCES `tb_status` (`id`),
  CONSTRAINT `FK_ref42` FOREIGN KEY (`staff_id`) REFERENCES `tb_staff` (`id`)
) ENGINE=InnoDB DEFAULT CHARSET=utf8 COMMENT='缺货单';

-- ----------------------------
-- Records of bill_shortage
-- ----------------------------
INSERT INTO `bill_shortage` VALUES ('SHT2020060411101423949', '2020-06-04 11:10:15', '2020-06-04 11:26:18', 'staff_fbd68f29461441bdbc4f387f2590a1b3', '12');
INSERT INTO `bill_shortage` VALUES ('SHT2020060412083992181', '2020-06-04 12:08:40', '2020-06-04 12:08:58', 'staff_fbd68f29461441bdbc4f387f2590a1b3', '12');
INSERT INTO `bill_shortage` VALUES ('SHT2020060505071189212', '2020-06-05 17:07:11', '2020-06-05 17:14:50', 'staff_fbd68f29461441bdbc4f387f2590a1b3', '12');
INSERT INTO `bill_shortage` VALUES ('SHT2020060610541869247', '2020-06-06 10:54:18', '2020-06-06 10:55:07', 'staff_fbd68f29461441bdbc4f387f2590a1b3', '12');
INSERT INTO `bill_shortage` VALUES ('SHT2020060610541885831', '2020-06-06 10:54:18', '2020-06-06 10:55:07', 'staff_fbd68f29461441bdbc4f387f2590a1b3', '12');
INSERT INTO `bill_shortage` VALUES ('SHT2020060611075923497', '2020-06-06 11:07:59', '2020-06-06 11:08:18', 'staff_fbd68f29461441bdbc4f387f2590a1b3', '12');
INSERT INTO `bill_shortage` VALUES ('SHT2020060709140854668', '2020-06-07 09:14:09', '2020-06-07 09:14:38', 'staff_fbd68f29461441bdbc4f387f2590a1b3', '12');
INSERT INTO `bill_shortage` VALUES ('SHT2020060712095022591', '2020-06-07 12:09:50', '2020-06-07 12:10:11', 'staff_cc1894c8cfb346858fc64ae071d39259', '12');
INSERT INTO `bill_shortage` VALUES ('SHT2020060811041542408', '2020-06-08 11:04:16', '2020-06-08 11:04:16', 'staff_cc1894c8cfb346858fc64ae071d39259', '11');

-- ----------------------------
-- Table structure for `detail_check`
-- ----------------------------
DROP TABLE IF EXISTS `detail_check`;
CREATE TABLE `detail_check` (
  `id` int(16) NOT NULL AUTO_INCREMENT COMMENT '自增id',
  `bill_id` varchar(50) NOT NULL COMMENT '所属单据id',
  `ref_bill_id` varchar(50) NOT NULL COMMENT '关联的单据id（可以是还车单或者采购单）',
  `goods_id` int(8) NOT NULL COMMENT '产品id（获取实际收到的数量）',
  `actual_amount` int(8) NOT NULL COMMENT '实际收到的数量',
  `remark` text CHARACTER SET utf8mb4,
  `amount` int(8) NOT NULL,
  PRIMARY KEY (`id`),
  KEY `FK_ref4` (`goods_id`),
  KEY `AK_Key_2` (`bill_id`,`ref_bill_id`,`goods_id`) USING BTREE,
  CONSTRAINT `FK_ref3` FOREIGN KEY (`bill_id`) REFERENCES `bill_check` (`id`),
  CONSTRAINT `FK_ref4` FOREIGN KEY (`goods_id`) REFERENCES `tb_catalog` (`goods_id`)
) ENGINE=InnoDB AUTO_INCREMENT=160 DEFAULT CHARSET=utf8;

-- ----------------------------
-- Records of detail_check
-- ----------------------------
INSERT INTO `detail_check` VALUES ('13', 'CHK2020060211045081729', 'RET2020060211022764462', '1', '1', '关联还车单', '1');
INSERT INTO `detail_check` VALUES ('14', 'CHK2020060211045081729', 'RET2020060211022764462', '2', '1', '关联还车单', '1');
INSERT INTO `detail_check` VALUES ('15', 'CHK2020060211045081729', 'RET2020060211022764462', '5', '1', '关联还车单', '1');
INSERT INTO `detail_check` VALUES ('16', 'CHK2020060211045081729', 'RET2020060211022764462', '9', '1', '关联还车单', '1');
INSERT INTO `detail_check` VALUES ('17', 'CHK2020060211045081729', 'RET2020060211025601264', '1', '1', '关联还车单', '1');
INSERT INTO `detail_check` VALUES ('18', 'CHK2020060211045081729', 'RET2020060211025601264', '9', '1', '关联还车单', '1');
INSERT INTO `detail_check` VALUES ('19', 'CHK2020060211045081729', 'RET2020060211025601264', '8', '1', '关联还车单', '1');
INSERT INTO `detail_check` VALUES ('20', 'CHK2020060412041750223', 'RET2020060411363837569', '7', '1', '关联还车单', '1');
INSERT INTO `detail_check` VALUES ('21', 'CHK2020060412041750223', 'RET2020060411363837569', '11', '1', '关联还车单', '1');
INSERT INTO `detail_check` VALUES ('22', 'CHK2020060412041750223', 'RET2020060411363837569', '15', '1', '关联还车单', '1');
INSERT INTO `detail_check` VALUES ('23', 'CHK2020060412041750223', 'PUR2020060411261831332', '1', '1000', '关联采购单', '1000');
INSERT INTO `detail_check` VALUES ('24', 'CHK2020060412072534677', 'RET2020060412065305574', '1', '1', '关联还车单', '1');
INSERT INTO `detail_check` VALUES ('25', 'CHK2020060412072534677', 'RET2020060412065305574', '2', '1', '关联还车单', '1');
INSERT INTO `detail_check` VALUES ('26', 'CHK2020060412072534677', 'RET2020060412065305574', '3', '1', '关联还车单', '1');
INSERT INTO `detail_check` VALUES ('27', 'CHK2020060412072534677', 'RET2020060412065305574', '4', '1', '关联还车单', '1');
INSERT INTO `detail_check` VALUES ('28', 'CHK2020060412072534677', 'RET2020060412065305574', '5', '1', '关联还车单', '1');
INSERT INTO `detail_check` VALUES ('29', 'CHK2020060412072534677', 'RET2020060412065305574', '6', '1', '关联还车单', '1');
INSERT INTO `detail_check` VALUES ('30', 'CHK2020060412072534677', 'RET2020060412065305574', '7', '1', '关联还车单', '1');
INSERT INTO `detail_check` VALUES ('31', 'CHK2020060412072534677', 'RET2020060412065305574', '8', '1', '关联还车单', '1');
INSERT INTO `detail_check` VALUES ('32', 'CHK2020060412072534677', 'RET2020060412065305574', '9', '1', '关联还车单', '1');
INSERT INTO `detail_check` VALUES ('33', 'CHK2020060412072534677', 'RET2020060412065305574', '10', '1', '关联还车单', '1');
INSERT INTO `detail_check` VALUES ('34', 'CHK2020060412072534677', 'RET2020060412065305574', '11', '1', '关联还车单', '1');
INSERT INTO `detail_check` VALUES ('35', 'CHK2020060412072534677', 'RET2020060412065305574', '12', '1', '关联还车单', '1');
INSERT INTO `detail_check` VALUES ('36', 'CHK2020060412072534677', 'RET2020060412065305574', '13', '1', '关联还车单', '1');
INSERT INTO `detail_check` VALUES ('37', 'CHK2020060412072534677', 'RET2020060412065305574', '14', '1', '关联还车单', '1');
INSERT INTO `detail_check` VALUES ('38', 'CHK2020060412072534677', 'RET2020060412065305574', '15', '1', '关联还车单', '1');
INSERT INTO `detail_check` VALUES ('39', 'CHK2020060412092720108', 'PUR2020060412085832037', '1', '1', '关联采购单', '1');
INSERT INTO `detail_check` VALUES ('40', 'CHK2020060412092720108', 'PUR2020060412085832037', '2', '1000', '关联采购单', '1000');
INSERT INTO `detail_check` VALUES ('41', 'CHK2020060412092720108', 'PUR2020060412085832037', '3', '1000', '关联采购单', '1000');
INSERT INTO `detail_check` VALUES ('42', 'CHK2020060412092720108', 'PUR2020060412085832037', '4', '1000', '关联采购单', '1000');
INSERT INTO `detail_check` VALUES ('43', 'CHK2020060412092720108', 'PUR2020060412085832037', '5', '1000', '关联采购单', '1000');
INSERT INTO `detail_check` VALUES ('44', 'CHK2020060412092720108', 'PUR2020060412085832037', '6', '1000', '关联采购单', '1000');
INSERT INTO `detail_check` VALUES ('45', 'CHK2020060412092720108', 'PUR2020060412085832037', '7', '1000', '关联采购单', '1000');
INSERT INTO `detail_check` VALUES ('46', 'CHK2020060412092720108', 'PUR2020060412085832037', '8', '1000', '关联采购单', '1000');
INSERT INTO `detail_check` VALUES ('47', 'CHK2020060412092720108', 'PUR2020060412085832037', '9', '1000', '关联采购单', '1000');
INSERT INTO `detail_check` VALUES ('48', 'CHK2020060412092720108', 'PUR2020060412085832037', '10', '1000', '关联采购单', '1000');
INSERT INTO `detail_check` VALUES ('49', 'CHK2020060412092720108', 'PUR2020060412085832037', '11', '1000', '关联采购单', '1000');
INSERT INTO `detail_check` VALUES ('50', 'CHK2020060412092720108', 'PUR2020060412085832037', '12', '1000', '关联采购单', '1000');
INSERT INTO `detail_check` VALUES ('51', 'CHK2020060412092720108', 'PUR2020060412085832037', '13', '1000', '关联采购单', '1000');
INSERT INTO `detail_check` VALUES ('52', 'CHK2020060412092720108', 'PUR2020060412085832037', '14', '1000', '关联采购单', '1000');
INSERT INTO `detail_check` VALUES ('53', 'CHK2020060412092720108', 'PUR2020060412085832037', '15', '1000', '关联采购单', '1000');
INSERT INTO `detail_check` VALUES ('54', 'CHK2020060610512157761', 'RET2020060610144430784', '10', '1', '关联还车单', '1');
INSERT INTO `detail_check` VALUES ('55', 'CHK2020060610512157761', 'RET2020060610183366255', '15', '1', '关联还车单', '1');
INSERT INTO `detail_check` VALUES ('56', 'CHK2020060610512157761', 'RET2020060610191680656', '14', '1', '关联还车单', '1');
INSERT INTO `detail_check` VALUES ('57', 'CHK2020060610512157761', 'RET2020060610442073144', '3', '1', '关联还车单', '1');
INSERT INTO `detail_check` VALUES ('58', 'CHK2020060610512157761', 'RET2020060610443143529', '3', '1', '关联还车单', '1');
INSERT INTO `detail_check` VALUES ('59', 'CHK2020060610512157761', 'RET2020060610443877324', '4', '1', '关联还车单', '1');
INSERT INTO `detail_check` VALUES ('60', 'CHK2020060610512157761', 'PUR2020060505144952086', '3', '1', '关联采购单', '1');
INSERT INTO `detail_check` VALUES ('137', 'CHK2020060611151611015', 'PUR2020060611081759529', '1', '1', '关联采购单', '1');
INSERT INTO `detail_check` VALUES ('138', 'CHK2020060611151611015', 'PUR2020060610550677485', '1', '1', '关联采购单', '1');
INSERT INTO `detail_check` VALUES ('139', 'CHK2020060611151611015', 'PUR2020060610550677485', '2', '1', '关联采购单', '1');
INSERT INTO `detail_check` VALUES ('140', 'CHK2020060611151611015', 'PUR2020060610550677485', '4', '1', '关联采购单', '1');
INSERT INTO `detail_check` VALUES ('141', 'CHK2020060611151611015', 'PUR2020060610550677485', '6', '1', '关联采购单', '1');
INSERT INTO `detail_check` VALUES ('142', 'CHK2020060611151611015', 'PUR2020060610550677485', '9', '1', '关联采购单', '1');
INSERT INTO `detail_check` VALUES ('143', 'CHK2020060611151611015', 'PUR2020060610550677485', '10', '1', '关联采购单', '1');
INSERT INTO `detail_check` VALUES ('144', 'CHK2020060611151611015', 'PUR2020060610550677485', '11', '1', '关联采购单', '1');
INSERT INTO `detail_check` VALUES ('145', 'CHK2020060611151611015', 'PUR2020060610550677485', '12', '1', '关联采购单', '1');
INSERT INTO `detail_check` VALUES ('146', 'CHK2020060611151611015', 'PUR2020060610550677485', '13', '1', '关联采购单', '1');
INSERT INTO `detail_check` VALUES ('147', 'CHK2020060611151611015', 'PUR2020060610550677485', '1', '1', '关联采购单', '1');
INSERT INTO `detail_check` VALUES ('148', 'CHK2020060611151611015', 'PUR2020060610550677485', '2', '1', '关联采购单', '1');
INSERT INTO `detail_check` VALUES ('149', 'CHK2020060611151611015', 'PUR2020060610550677485', '4', '1', '关联采购单', '1');
INSERT INTO `detail_check` VALUES ('150', 'CHK2020060611151611015', 'PUR2020060610550677485', '6', '1', '关联采购单', '1');
INSERT INTO `detail_check` VALUES ('151', 'CHK2020060611151611015', 'PUR2020060610550677485', '9', '1', '关联采购单', '1');
INSERT INTO `detail_check` VALUES ('152', 'CHK2020060611151611015', 'PUR2020060610550677485', '10', '1', '关联采购单', '1');
INSERT INTO `detail_check` VALUES ('153', 'CHK2020060611151611015', 'PUR2020060610550677485', '11', '1', '关联采购单', '1');
INSERT INTO `detail_check` VALUES ('154', 'CHK2020060611151611015', 'PUR2020060610550677485', '12', '1', '关联采购单', '1');
INSERT INTO `detail_check` VALUES ('155', 'CHK2020060611151611015', 'PUR2020060610550677485', '13', '1', '关联采购单', '1');
INSERT INTO `detail_check` VALUES ('156', 'CHK2020060709121930612', 'RET2020060709114680282', '1', '1', '关联还车单', '1');
INSERT INTO `detail_check` VALUES ('157', 'CHK2020060709121930612', 'RET2020060709114680282', '4', '1', '关联还车单', '1');
INSERT INTO `detail_check` VALUES ('158', 'CHK2020060709151737435', 'PUR2020060709143861742', '2', '100', '关联采购单', '100');
INSERT INTO `detail_check` VALUES ('159', 'CHK2020060709151737435', 'PUR2020060709143861742', '5', '100', '关联采购单', '100');

-- ----------------------------
-- Table structure for `detail_enter`
-- ----------------------------
DROP TABLE IF EXISTS `detail_enter`;
CREATE TABLE `detail_enter` (
  `id` int(16) NOT NULL AUTO_INCREMENT COMMENT '自增id',
  `bill_id` varchar(50) NOT NULL COMMENT '所属单据id',
  `check_id` varchar(50) NOT NULL COMMENT '验收单id',
  `goods_id` int(8) NOT NULL COMMENT '产品id',
  `amount` int(4) NOT NULL COMMENT '入库数量',
  PRIMARY KEY (`id`),
  KEY `FK_ref7` (`check_id`),
  KEY `FK_ref9` (`goods_id`),
  KEY `AK_Key_2` (`bill_id`,`check_id`,`goods_id`) USING BTREE,
  CONSTRAINT `FK_ref7` FOREIGN KEY (`check_id`) REFERENCES `bill_check` (`id`),
  CONSTRAINT `FK_ref8` FOREIGN KEY (`bill_id`) REFERENCES `bill_enter` (`id`),
  CONSTRAINT `FK_ref9` FOREIGN KEY (`goods_id`) REFERENCES `tb_catalog` (`goods_id`)
) ENGINE=InnoDB AUTO_INCREMENT=93 DEFAULT CHARSET=utf8 COMMENT='入库单明细';

-- ----------------------------
-- Records of detail_enter
-- ----------------------------
INSERT INTO `detail_enter` VALUES ('22', 'ENT2020060211190245034', 'CHK2020060211045081729', '1', '1');
INSERT INTO `detail_enter` VALUES ('23', 'ENT2020060211190245034', 'CHK2020060211045081729', '2', '1');
INSERT INTO `detail_enter` VALUES ('24', 'ENT2020060211190245034', 'CHK2020060211045081729', '5', '1');
INSERT INTO `detail_enter` VALUES ('25', 'ENT2020060211190245034', 'CHK2020060211045081729', '9', '1');
INSERT INTO `detail_enter` VALUES ('26', 'ENT2020060211190245034', 'CHK2020060211045081729', '1', '1');
INSERT INTO `detail_enter` VALUES ('27', 'ENT2020060211190245034', 'CHK2020060211045081729', '9', '1');
INSERT INTO `detail_enter` VALUES ('28', 'ENT2020060211190245034', 'CHK2020060211045081729', '8', '1');
INSERT INTO `detail_enter` VALUES ('29', 'ENT2020060412043546363', 'CHK2020060412041750223', '1', '1000');
INSERT INTO `detail_enter` VALUES ('30', 'ENT2020060412043546363', 'CHK2020060412041750223', '7', '1');
INSERT INTO `detail_enter` VALUES ('31', 'ENT2020060412043546363', 'CHK2020060412041750223', '11', '1');
INSERT INTO `detail_enter` VALUES ('32', 'ENT2020060412043546363', 'CHK2020060412041750223', '15', '1');
INSERT INTO `detail_enter` VALUES ('33', 'ENT2020060412074088643', 'CHK2020060412072534677', '1', '1');
INSERT INTO `detail_enter` VALUES ('34', 'ENT2020060412074088643', 'CHK2020060412072534677', '2', '1');
INSERT INTO `detail_enter` VALUES ('35', 'ENT2020060412074088643', 'CHK2020060412072534677', '3', '1');
INSERT INTO `detail_enter` VALUES ('36', 'ENT2020060412074088643', 'CHK2020060412072534677', '4', '1');
INSERT INTO `detail_enter` VALUES ('37', 'ENT2020060412074088643', 'CHK2020060412072534677', '5', '1');
INSERT INTO `detail_enter` VALUES ('38', 'ENT2020060412074088643', 'CHK2020060412072534677', '6', '1');
INSERT INTO `detail_enter` VALUES ('39', 'ENT2020060412074088643', 'CHK2020060412072534677', '7', '1');
INSERT INTO `detail_enter` VALUES ('40', 'ENT2020060412074088643', 'CHK2020060412072534677', '8', '1');
INSERT INTO `detail_enter` VALUES ('41', 'ENT2020060412074088643', 'CHK2020060412072534677', '9', '1');
INSERT INTO `detail_enter` VALUES ('42', 'ENT2020060412074088643', 'CHK2020060412072534677', '10', '1');
INSERT INTO `detail_enter` VALUES ('43', 'ENT2020060412074088643', 'CHK2020060412072534677', '11', '1');
INSERT INTO `detail_enter` VALUES ('44', 'ENT2020060412074088643', 'CHK2020060412072534677', '12', '1');
INSERT INTO `detail_enter` VALUES ('45', 'ENT2020060412074088643', 'CHK2020060412072534677', '13', '1');
INSERT INTO `detail_enter` VALUES ('46', 'ENT2020060412074088643', 'CHK2020060412072534677', '14', '1');
INSERT INTO `detail_enter` VALUES ('47', 'ENT2020060412074088643', 'CHK2020060412072534677', '15', '1');
INSERT INTO `detail_enter` VALUES ('48', 'ENT2020060412093716240', 'CHK2020060412092720108', '1', '1');
INSERT INTO `detail_enter` VALUES ('49', 'ENT2020060412093716240', 'CHK2020060412092720108', '2', '1000');
INSERT INTO `detail_enter` VALUES ('50', 'ENT2020060412093716240', 'CHK2020060412092720108', '3', '1000');
INSERT INTO `detail_enter` VALUES ('51', 'ENT2020060412093716240', 'CHK2020060412092720108', '4', '1000');
INSERT INTO `detail_enter` VALUES ('52', 'ENT2020060412093716240', 'CHK2020060412092720108', '5', '1000');
INSERT INTO `detail_enter` VALUES ('53', 'ENT2020060412093716240', 'CHK2020060412092720108', '6', '1000');
INSERT INTO `detail_enter` VALUES ('54', 'ENT2020060412093716240', 'CHK2020060412092720108', '7', '1000');
INSERT INTO `detail_enter` VALUES ('55', 'ENT2020060412093716240', 'CHK2020060412092720108', '8', '1000');
INSERT INTO `detail_enter` VALUES ('56', 'ENT2020060412093716240', 'CHK2020060412092720108', '9', '1000');
INSERT INTO `detail_enter` VALUES ('57', 'ENT2020060412093716240', 'CHK2020060412092720108', '10', '1000');
INSERT INTO `detail_enter` VALUES ('58', 'ENT2020060412093716240', 'CHK2020060412092720108', '11', '1000');
INSERT INTO `detail_enter` VALUES ('59', 'ENT2020060412093716240', 'CHK2020060412092720108', '12', '1000');
INSERT INTO `detail_enter` VALUES ('60', 'ENT2020060412093716240', 'CHK2020060412092720108', '13', '1000');
INSERT INTO `detail_enter` VALUES ('61', 'ENT2020060412093716240', 'CHK2020060412092720108', '14', '1000');
INSERT INTO `detail_enter` VALUES ('62', 'ENT2020060412093716240', 'CHK2020060412092720108', '15', '1000');
INSERT INTO `detail_enter` VALUES ('63', 'ENT2020060610522653251', 'CHK2020060610512157761', '3', '1');
INSERT INTO `detail_enter` VALUES ('64', 'ENT2020060610522653251', 'CHK2020060610512157761', '10', '1');
INSERT INTO `detail_enter` VALUES ('65', 'ENT2020060610522653251', 'CHK2020060610512157761', '15', '1');
INSERT INTO `detail_enter` VALUES ('66', 'ENT2020060610522653251', 'CHK2020060610512157761', '14', '1');
INSERT INTO `detail_enter` VALUES ('67', 'ENT2020060610522653251', 'CHK2020060610512157761', '3', '1');
INSERT INTO `detail_enter` VALUES ('68', 'ENT2020060610522653251', 'CHK2020060610512157761', '3', '1');
INSERT INTO `detail_enter` VALUES ('69', 'ENT2020060610522653251', 'CHK2020060610512157761', '4', '1');
INSERT INTO `detail_enter` VALUES ('70', 'ENT2020060611152807628', 'CHK2020060611151611015', '1', '1');
INSERT INTO `detail_enter` VALUES ('71', 'ENT2020060611152807628', 'CHK2020060611151611015', '1', '1');
INSERT INTO `detail_enter` VALUES ('72', 'ENT2020060611152807628', 'CHK2020060611151611015', '2', '1');
INSERT INTO `detail_enter` VALUES ('73', 'ENT2020060611152807628', 'CHK2020060611151611015', '2', '1');
INSERT INTO `detail_enter` VALUES ('74', 'ENT2020060611152807628', 'CHK2020060611151611015', '4', '1');
INSERT INTO `detail_enter` VALUES ('75', 'ENT2020060611152807628', 'CHK2020060611151611015', '4', '1');
INSERT INTO `detail_enter` VALUES ('76', 'ENT2020060611152807628', 'CHK2020060611151611015', '6', '1');
INSERT INTO `detail_enter` VALUES ('77', 'ENT2020060611152807628', 'CHK2020060611151611015', '6', '1');
INSERT INTO `detail_enter` VALUES ('78', 'ENT2020060611152807628', 'CHK2020060611151611015', '9', '1');
INSERT INTO `detail_enter` VALUES ('79', 'ENT2020060611152807628', 'CHK2020060611151611015', '9', '1');
INSERT INTO `detail_enter` VALUES ('80', 'ENT2020060611152807628', 'CHK2020060611151611015', '10', '1');
INSERT INTO `detail_enter` VALUES ('81', 'ENT2020060611152807628', 'CHK2020060611151611015', '10', '1');
INSERT INTO `detail_enter` VALUES ('82', 'ENT2020060611152807628', 'CHK2020060611151611015', '11', '1');
INSERT INTO `detail_enter` VALUES ('83', 'ENT2020060611152807628', 'CHK2020060611151611015', '11', '1');
INSERT INTO `detail_enter` VALUES ('84', 'ENT2020060611152807628', 'CHK2020060611151611015', '12', '1');
INSERT INTO `detail_enter` VALUES ('85', 'ENT2020060611152807628', 'CHK2020060611151611015', '12', '1');
INSERT INTO `detail_enter` VALUES ('86', 'ENT2020060611152807628', 'CHK2020060611151611015', '13', '1');
INSERT INTO `detail_enter` VALUES ('87', 'ENT2020060611152807628', 'CHK2020060611151611015', '13', '1');
INSERT INTO `detail_enter` VALUES ('88', 'ENT2020060611152807628', 'CHK2020060611151611015', '1', '1');
INSERT INTO `detail_enter` VALUES ('89', 'ENT2020060709123669785', 'CHK2020060709121930612', '1', '1');
INSERT INTO `detail_enter` VALUES ('90', 'ENT2020060709123669785', 'CHK2020060709121930612', '4', '1');
INSERT INTO `detail_enter` VALUES ('91', 'ENT2020060709153339406', 'CHK2020060709151737435', '2', '100');
INSERT INTO `detail_enter` VALUES ('92', 'ENT2020060709153339406', 'CHK2020060709151737435', '5', '100');

-- ----------------------------
-- Table structure for `detail_invoice`
-- ----------------------------
DROP TABLE IF EXISTS `detail_invoice`;
CREATE TABLE `detail_invoice` (
  `id` int(16) NOT NULL AUTO_INCREMENT,
  `bill_id` varchar(50) NOT NULL COMMENT '所属单据id',
  `goods_id` int(8) NOT NULL COMMENT '产品id',
  `amount` int(4) NOT NULL COMMENT '数量',
  PRIMARY KEY (`id`),
  UNIQUE KEY `AK_Key_2` (`bill_id`,`goods_id`) USING BTREE,
  KEY `FK_ref14` (`goods_id`),
  CONSTRAINT `FK_ref14` FOREIGN KEY (`goods_id`) REFERENCES `tb_catalog` (`goods_id`),
  CONSTRAINT `FK_ref15` FOREIGN KEY (`bill_id`) REFERENCES `bill_invoice` (`id`)
) ENGINE=InnoDB AUTO_INCREMENT=169 DEFAULT CHARSET=utf8;

-- ----------------------------
-- Records of detail_invoice
-- ----------------------------
INSERT INTO `detail_invoice` VALUES ('112', 'INV2020060211012075372', '1', '1');
INSERT INTO `detail_invoice` VALUES ('113', 'INV2020060211012075372', '2', '1');
INSERT INTO `detail_invoice` VALUES ('114', 'INV2020060211012075372', '5', '1');
INSERT INTO `detail_invoice` VALUES ('115', 'INV2020060211012075372', '9', '1');
INSERT INTO `detail_invoice` VALUES ('116', 'INV2020060211012012025', '1', '1');
INSERT INTO `detail_invoice` VALUES ('117', 'INV2020060211012012025', '8', '1');
INSERT INTO `detail_invoice` VALUES ('118', 'INV2020060211012012025', '9', '1');
INSERT INTO `detail_invoice` VALUES ('119', 'INV2020060308093942076', '1', '1');
INSERT INTO `detail_invoice` VALUES ('120', 'INV2020060308093942076', '2', '1');
INSERT INTO `detail_invoice` VALUES ('121', 'INV2020060308093942076', '3', '1');
INSERT INTO `detail_invoice` VALUES ('122', 'INV2020060308093962492', '4', '1');
INSERT INTO `detail_invoice` VALUES ('123', 'INV2020060308093962492', '9', '1');
INSERT INTO `detail_invoice` VALUES ('124', 'INV2020060308093962492', '10', '1');
INSERT INTO `detail_invoice` VALUES ('125', 'INV2020060308093917434', '7', '1');
INSERT INTO `detail_invoice` VALUES ('126', 'INV2020060308093917434', '11', '1');
INSERT INTO `detail_invoice` VALUES ('127', 'INV2020060308093917434', '15', '1');
INSERT INTO `detail_invoice` VALUES ('128', 'INV2020060412063123828', '1', '1');
INSERT INTO `detail_invoice` VALUES ('129', 'INV2020060412063123828', '2', '1');
INSERT INTO `detail_invoice` VALUES ('130', 'INV2020060412063123828', '3', '1');
INSERT INTO `detail_invoice` VALUES ('131', 'INV2020060412063123828', '4', '1');
INSERT INTO `detail_invoice` VALUES ('132', 'INV2020060412063123828', '5', '1');
INSERT INTO `detail_invoice` VALUES ('133', 'INV2020060412063123828', '6', '1');
INSERT INTO `detail_invoice` VALUES ('134', 'INV2020060412063123828', '7', '1');
INSERT INTO `detail_invoice` VALUES ('135', 'INV2020060412063123828', '8', '1');
INSERT INTO `detail_invoice` VALUES ('136', 'INV2020060412063123828', '9', '1');
INSERT INTO `detail_invoice` VALUES ('137', 'INV2020060412063123828', '10', '1');
INSERT INTO `detail_invoice` VALUES ('138', 'INV2020060412063123828', '11', '1');
INSERT INTO `detail_invoice` VALUES ('139', 'INV2020060412063123828', '12', '1');
INSERT INTO `detail_invoice` VALUES ('140', 'INV2020060412063123828', '13', '1');
INSERT INTO `detail_invoice` VALUES ('141', 'INV2020060412063123828', '14', '1');
INSERT INTO `detail_invoice` VALUES ('142', 'INV2020060412063123828', '15', '1');
INSERT INTO `detail_invoice` VALUES ('143', 'INV2020060610100437619', '4', '1');
INSERT INTO `detail_invoice` VALUES ('144', 'INV2020060610100495085', '2', '1');
INSERT INTO `detail_invoice` VALUES ('145', 'INV2020060610100489040', '1', '1');
INSERT INTO `detail_invoice` VALUES ('146', 'INV2020060610100457384', '3', '1');
INSERT INTO `detail_invoice` VALUES ('147', 'INV2020060610100402966', '5', '1');
INSERT INTO `detail_invoice` VALUES ('148', 'INV2020060610100406110', '3', '1');
INSERT INTO `detail_invoice` VALUES ('149', 'INV2020060610100475380', '2', '1');
INSERT INTO `detail_invoice` VALUES ('150', 'INV2020060610100422886', '6', '1');
INSERT INTO `detail_invoice` VALUES ('151', 'INV2020060610100452053', '11', '1');
INSERT INTO `detail_invoice` VALUES ('152', 'INV2020060610100452053', '12', '1');
INSERT INTO `detail_invoice` VALUES ('153', 'INV2020060610100452053', '13', '1');
INSERT INTO `detail_invoice` VALUES ('154', 'INV2020060610100469731', '14', '1');
INSERT INTO `detail_invoice` VALUES ('155', 'INV2020060610100420078', '15', '1');
INSERT INTO `detail_invoice` VALUES ('156', 'INV2020060610100456199', '10', '1');
INSERT INTO `detail_invoice` VALUES ('157', 'INV2020060609593805429', '6', '1');
INSERT INTO `detail_invoice` VALUES ('158', 'INV2020060609593801631', '1', '1');
INSERT INTO `detail_invoice` VALUES ('159', 'INV2020060609593801631', '2', '1');
INSERT INTO `detail_invoice` VALUES ('160', 'INV2020060709111432360', '1', '1');
INSERT INTO `detail_invoice` VALUES ('161', 'INV2020060709111432360', '4', '1');
INSERT INTO `detail_invoice` VALUES ('162', 'INV2020060712090444525', '1', '1');
INSERT INTO `detail_invoice` VALUES ('163', 'INV2020060712090444525', '2', '1');
INSERT INTO `detail_invoice` VALUES ('164', 'INV2020060712090444525', '3', '1');
INSERT INTO `detail_invoice` VALUES ('165', 'INV2020060712090445133', '1', '10');
INSERT INTO `detail_invoice` VALUES ('166', 'INV2020060712090445133', '2', '10');
INSERT INTO `detail_invoice` VALUES ('167', 'INV2020060712090445133', '3', '10');
INSERT INTO `detail_invoice` VALUES ('168', 'INV2020060811030285563', '1', '1');

-- ----------------------------
-- Table structure for `detail_odo`
-- ----------------------------
DROP TABLE IF EXISTS `detail_odo`;
CREATE TABLE `detail_odo` (
  `id` int(16) NOT NULL AUTO_INCREMENT,
  `bill_id` varchar(50) NOT NULL COMMENT '所属单据id',
  `order_id` varchar(50) NOT NULL COMMENT '关联订货单id',
  `goods_id` int(8) NOT NULL COMMENT '产品id',
  `amount` int(4) NOT NULL COMMENT '数量',
  PRIMARY KEY (`id`),
  UNIQUE KEY `AK_Key_2` (`bill_id`,`order_id`,`goods_id`) USING BTREE,
  KEY `FK_ref19` (`goods_id`),
  KEY `FK_ref21` (`order_id`),
  CONSTRAINT `FK_ref19` FOREIGN KEY (`goods_id`) REFERENCES `tb_catalog` (`goods_id`),
  CONSTRAINT `FK_ref20` FOREIGN KEY (`bill_id`) REFERENCES `bill_odo` (`id`),
  CONSTRAINT `FK_ref21` FOREIGN KEY (`order_id`) REFERENCES `bill_order` (`id`)
) ENGINE=InnoDB AUTO_INCREMENT=226 DEFAULT CHARSET=utf8 COMMENT='出库单详情，每行货物关联一个订货单，具体对应到一张订货单里的每一行货物。';

-- ----------------------------
-- Records of detail_odo
-- ----------------------------
INSERT INTO `detail_odo` VALUES ('169', 'ODO2020060211003578179', 'ORD2020060210594895855', '1', '1');
INSERT INTO `detail_odo` VALUES ('170', 'ODO2020060211003578179', 'ORD2020060210594895855', '2', '1');
INSERT INTO `detail_odo` VALUES ('171', 'ODO2020060211003578179', 'ORD2020060210594895855', '5', '1');
INSERT INTO `detail_odo` VALUES ('172', 'ODO2020060211003578179', 'ORD2020060210594895855', '9', '1');
INSERT INTO `detail_odo` VALUES ('173', 'ODO2020060211003578179', 'ORD2020060210592430596', '1', '1');
INSERT INTO `detail_odo` VALUES ('174', 'ODO2020060211003578179', 'ORD2020060210592430596', '8', '1');
INSERT INTO `detail_odo` VALUES ('175', 'ODO2020060211003578179', 'ORD2020060210592430596', '9', '1');
INSERT INTO `detail_odo` VALUES ('176', 'ODO2020060308073818526', 'ORD2020060308015594466', '7', '1');
INSERT INTO `detail_odo` VALUES ('177', 'ODO2020060308073818526', 'ORD2020060308015594466', '11', '1');
INSERT INTO `detail_odo` VALUES ('178', 'ODO2020060308073818526', 'ORD2020060308015594466', '15', '1');
INSERT INTO `detail_odo` VALUES ('179', 'ODO2020060308073818526', 'ORD2020060308014085238', '4', '1');
INSERT INTO `detail_odo` VALUES ('180', 'ODO2020060308073818526', 'ORD2020060308014085238', '9', '1');
INSERT INTO `detail_odo` VALUES ('181', 'ODO2020060308073818526', 'ORD2020060308014085238', '10', '1');
INSERT INTO `detail_odo` VALUES ('182', 'ODO2020060308073818526', 'ORD2020060308005824708', '1', '1');
INSERT INTO `detail_odo` VALUES ('183', 'ODO2020060308073818526', 'ORD2020060308005824708', '2', '1');
INSERT INTO `detail_odo` VALUES ('184', 'ODO2020060308073818526', 'ORD2020060308005824708', '3', '1');
INSERT INTO `detail_odo` VALUES ('185', 'ODO2020060412061512776', 'ORD2020060412054470432', '1', '1');
INSERT INTO `detail_odo` VALUES ('186', 'ODO2020060412061512776', 'ORD2020060412054470432', '2', '1');
INSERT INTO `detail_odo` VALUES ('187', 'ODO2020060412061512776', 'ORD2020060412054470432', '3', '1');
INSERT INTO `detail_odo` VALUES ('188', 'ODO2020060412061512776', 'ORD2020060412054470432', '4', '1');
INSERT INTO `detail_odo` VALUES ('189', 'ODO2020060412061512776', 'ORD2020060412054470432', '5', '1');
INSERT INTO `detail_odo` VALUES ('190', 'ODO2020060412061512776', 'ORD2020060412054470432', '6', '1');
INSERT INTO `detail_odo` VALUES ('191', 'ODO2020060412061512776', 'ORD2020060412054470432', '7', '1');
INSERT INTO `detail_odo` VALUES ('192', 'ODO2020060412061512776', 'ORD2020060412054470432', '8', '1');
INSERT INTO `detail_odo` VALUES ('193', 'ODO2020060412061512776', 'ORD2020060412054470432', '9', '1');
INSERT INTO `detail_odo` VALUES ('194', 'ODO2020060412061512776', 'ORD2020060412054470432', '10', '1');
INSERT INTO `detail_odo` VALUES ('195', 'ODO2020060412061512776', 'ORD2020060412054470432', '11', '1');
INSERT INTO `detail_odo` VALUES ('196', 'ODO2020060412061512776', 'ORD2020060412054470432', '12', '1');
INSERT INTO `detail_odo` VALUES ('197', 'ODO2020060412061512776', 'ORD2020060412054470432', '13', '1');
INSERT INTO `detail_odo` VALUES ('198', 'ODO2020060412061512776', 'ORD2020060412054470432', '14', '1');
INSERT INTO `detail_odo` VALUES ('199', 'ODO2020060412061512776', 'ORD2020060412054470432', '15', '1');
INSERT INTO `detail_odo` VALUES ('200', 'ODO2020060610080905603', 'ORD2020060410455007132', '10', '1');
INSERT INTO `detail_odo` VALUES ('201', 'ODO2020060610081576515', 'ORD2020060410454411525', '15', '1');
INSERT INTO `detail_odo` VALUES ('202', 'ODO2020060610082904757', 'ORD2020060410454075352', '14', '1');
INSERT INTO `detail_odo` VALUES ('203', 'ODO2020060610082904757', 'ORD2020060410453028922', '11', '1');
INSERT INTO `detail_odo` VALUES ('204', 'ODO2020060610082904757', 'ORD2020060410453028922', '12', '1');
INSERT INTO `detail_odo` VALUES ('205', 'ODO2020060610082904757', 'ORD2020060410453028922', '13', '1');
INSERT INTO `detail_odo` VALUES ('206', 'ODO2020060610091482656', 'ORD2020060410420193608', '2', '1');
INSERT INTO `detail_odo` VALUES ('207', 'ODO2020060610091482656', 'ORD2020060409555166264', '6', '1');
INSERT INTO `detail_odo` VALUES ('208', 'ODO2020060610093635529', 'ORD2020060410452370186', '3', '1');
INSERT INTO `detail_odo` VALUES ('209', 'ODO2020060610093635529', 'ORD2020060409554792624', '5', '1');
INSERT INTO `detail_odo` VALUES ('210', 'ODO2020060610094128034', 'ORD2020060409554366986', '4', '1');
INSERT INTO `detail_odo` VALUES ('211', 'ODO2020060610094128034', 'ORD2020060409553908701', '3', '1');
INSERT INTO `detail_odo` VALUES ('212', 'ODO2020060610094128034', 'ORD2020060409553510276', '2', '1');
INSERT INTO `detail_odo` VALUES ('213', 'ODO2020060610094128034', 'ORD2020060409553151927', '1', '1');
INSERT INTO `detail_odo` VALUES ('214', 'ODO2020060609564678358', 'ORD2020060610441073618', '1', '1');
INSERT INTO `detail_odo` VALUES ('215', 'ODO2020060609564678358', 'ORD2020060610441073618', '2', '1');
INSERT INTO `detail_odo` VALUES ('216', 'ODO2020060609564678358', 'ORD2020060610112763269', '6', '1');
INSERT INTO `detail_odo` VALUES ('217', 'ODO2020060709110399239', 'ORD2020060709103357050', '1', '1');
INSERT INTO `detail_odo` VALUES ('218', 'ODO2020060709110399239', 'ORD2020060709103357050', '4', '1');
INSERT INTO `detail_odo` VALUES ('219', 'ODO2020060712084415338', 'ORD2020060712080407514', '1', '10');
INSERT INTO `detail_odo` VALUES ('220', 'ODO2020060712084415338', 'ORD2020060712080407514', '2', '10');
INSERT INTO `detail_odo` VALUES ('221', 'ODO2020060712084415338', 'ORD2020060712080407514', '3', '10');
INSERT INTO `detail_odo` VALUES ('222', 'ODO2020060712084415338', 'ORD2020060710121242123', '1', '1');
INSERT INTO `detail_odo` VALUES ('223', 'ODO2020060712084415338', 'ORD2020060710121242123', '2', '1');
INSERT INTO `detail_odo` VALUES ('224', 'ODO2020060712084415338', 'ORD2020060710121242123', '3', '1');
INSERT INTO `detail_odo` VALUES ('225', 'ODO2020060811025457263', 'ORD2020060810482963976', '1', '1');

-- ----------------------------
-- Table structure for `detail_order`
-- ----------------------------
DROP TABLE IF EXISTS `detail_order`;
CREATE TABLE `detail_order` (
  `id` int(16) NOT NULL AUTO_INCREMENT COMMENT 'id',
  `bill_id` varchar(50) NOT NULL COMMENT '关联订单的id',
  `goods_id` int(8) NOT NULL COMMENT '关联货物id',
  `amount` int(4) NOT NULL COMMENT '订货数量',
  PRIMARY KEY (`id`),
  UNIQUE KEY `AK_Key_2` (`bill_id`,`goods_id`) USING BTREE,
  KEY `FK_ref24` (`goods_id`),
  CONSTRAINT `FK_ref24` FOREIGN KEY (`goods_id`) REFERENCES `tb_catalog` (`goods_id`),
  CONSTRAINT `FK_ref25` FOREIGN KEY (`bill_id`) REFERENCES `bill_order` (`id`)
) ENGINE=InnoDB AUTO_INCREMENT=188 DEFAULT CHARSET=utf8;

-- ----------------------------
-- Records of detail_order
-- ----------------------------
INSERT INTO `detail_order` VALUES ('131', 'ORD2020060210592430596', '1', '1');
INSERT INTO `detail_order` VALUES ('132', 'ORD2020060210592430596', '9', '1');
INSERT INTO `detail_order` VALUES ('133', 'ORD2020060210592430596', '8', '1');
INSERT INTO `detail_order` VALUES ('134', 'ORD2020060210594895855', '1', '1');
INSERT INTO `detail_order` VALUES ('135', 'ORD2020060210594895855', '2', '1');
INSERT INTO `detail_order` VALUES ('136', 'ORD2020060210594895855', '5', '1');
INSERT INTO `detail_order` VALUES ('137', 'ORD2020060210594895855', '9', '1');
INSERT INTO `detail_order` VALUES ('138', 'ORD2020060308005824708', '1', '1');
INSERT INTO `detail_order` VALUES ('139', 'ORD2020060308005824708', '2', '1');
INSERT INTO `detail_order` VALUES ('140', 'ORD2020060308005824708', '3', '1');
INSERT INTO `detail_order` VALUES ('141', 'ORD2020060308014085238', '4', '1');
INSERT INTO `detail_order` VALUES ('142', 'ORD2020060308014085238', '10', '1');
INSERT INTO `detail_order` VALUES ('143', 'ORD2020060308014085238', '9', '1');
INSERT INTO `detail_order` VALUES ('144', 'ORD2020060308015594466', '15', '1');
INSERT INTO `detail_order` VALUES ('145', 'ORD2020060308015594466', '11', '1');
INSERT INTO `detail_order` VALUES ('146', 'ORD2020060308015594466', '7', '1');
INSERT INTO `detail_order` VALUES ('147', 'ORD2020060412054470432', '1', '1');
INSERT INTO `detail_order` VALUES ('148', 'ORD2020060412054470432', '2', '1');
INSERT INTO `detail_order` VALUES ('149', 'ORD2020060412054470432', '3', '1');
INSERT INTO `detail_order` VALUES ('150', 'ORD2020060412054470432', '4', '1');
INSERT INTO `detail_order` VALUES ('151', 'ORD2020060412054470432', '5', '1');
INSERT INTO `detail_order` VALUES ('152', 'ORD2020060412054470432', '6', '1');
INSERT INTO `detail_order` VALUES ('153', 'ORD2020060412054470432', '7', '1');
INSERT INTO `detail_order` VALUES ('154', 'ORD2020060412054470432', '8', '1');
INSERT INTO `detail_order` VALUES ('155', 'ORD2020060412054470432', '9', '1');
INSERT INTO `detail_order` VALUES ('156', 'ORD2020060412054470432', '10', '1');
INSERT INTO `detail_order` VALUES ('157', 'ORD2020060412054470432', '11', '1');
INSERT INTO `detail_order` VALUES ('158', 'ORD2020060412054470432', '12', '1');
INSERT INTO `detail_order` VALUES ('159', 'ORD2020060412054470432', '13', '1');
INSERT INTO `detail_order` VALUES ('160', 'ORD2020060412054470432', '14', '1');
INSERT INTO `detail_order` VALUES ('161', 'ORD2020060412054470432', '15', '1');
INSERT INTO `detail_order` VALUES ('162', 'ORD2020060409553151927', '1', '1');
INSERT INTO `detail_order` VALUES ('163', 'ORD2020060409553510276', '2', '1');
INSERT INTO `detail_order` VALUES ('164', 'ORD2020060409553908701', '3', '1');
INSERT INTO `detail_order` VALUES ('165', 'ORD2020060409554366986', '4', '1');
INSERT INTO `detail_order` VALUES ('166', 'ORD2020060409554792624', '5', '1');
INSERT INTO `detail_order` VALUES ('167', 'ORD2020060409555166264', '6', '1');
INSERT INTO `detail_order` VALUES ('168', 'ORD2020060410420193608', '2', '1');
INSERT INTO `detail_order` VALUES ('169', 'ORD2020060410452370186', '3', '1');
INSERT INTO `detail_order` VALUES ('170', 'ORD2020060410453028922', '11', '1');
INSERT INTO `detail_order` VALUES ('171', 'ORD2020060410453028922', '12', '1');
INSERT INTO `detail_order` VALUES ('172', 'ORD2020060410453028922', '13', '1');
INSERT INTO `detail_order` VALUES ('173', 'ORD2020060410454075352', '14', '1');
INSERT INTO `detail_order` VALUES ('174', 'ORD2020060410454411525', '15', '1');
INSERT INTO `detail_order` VALUES ('175', 'ORD2020060410455007132', '10', '1');
INSERT INTO `detail_order` VALUES ('176', 'ORD2020060610112763269', '6', '1');
INSERT INTO `detail_order` VALUES ('177', 'ORD2020060610441073618', '1', '1');
INSERT INTO `detail_order` VALUES ('178', 'ORD2020060610441073618', '2', '1');
INSERT INTO `detail_order` VALUES ('179', 'ORD2020060709103357050', '1', '1');
INSERT INTO `detail_order` VALUES ('180', 'ORD2020060709103357050', '4', '1');
INSERT INTO `detail_order` VALUES ('181', 'ORD2020060710121242123', '1', '1');
INSERT INTO `detail_order` VALUES ('182', 'ORD2020060710121242123', '2', '1');
INSERT INTO `detail_order` VALUES ('183', 'ORD2020060710121242123', '3', '1');
INSERT INTO `detail_order` VALUES ('184', 'ORD2020060712080407514', '1', '10');
INSERT INTO `detail_order` VALUES ('185', 'ORD2020060712080407514', '2', '10');
INSERT INTO `detail_order` VALUES ('186', 'ORD2020060712080407514', '3', '10');
INSERT INTO `detail_order` VALUES ('187', 'ORD2020060810482963976', '1', '1');

-- ----------------------------
-- Table structure for `detail_purchase`
-- ----------------------------
DROP TABLE IF EXISTS `detail_purchase`;
CREATE TABLE `detail_purchase` (
  `id` int(16) NOT NULL AUTO_INCREMENT COMMENT '自增id',
  `bill_id` varchar(50) NOT NULL,
  `shortage_id` varchar(50) NOT NULL,
  `goods_id` int(8) NOT NULL,
  `amount` int(4) NOT NULL,
  PRIMARY KEY (`id`),
  UNIQUE KEY `AK_Key_2` (`bill_id`,`shortage_id`,`goods_id`) USING BTREE,
  KEY `FK_ref28` (`goods_id`),
  KEY `FK_ref30` (`shortage_id`),
  CONSTRAINT `FK_ref28` FOREIGN KEY (`goods_id`) REFERENCES `tb_catalog` (`goods_id`),
  CONSTRAINT `FK_ref29` FOREIGN KEY (`bill_id`) REFERENCES `bill_purchase` (`id`),
  CONSTRAINT `FK_ref30` FOREIGN KEY (`shortage_id`) REFERENCES `bill_shortage` (`id`)
) ENGINE=InnoDB AUTO_INCREMENT=59 DEFAULT CHARSET=utf8;

-- ----------------------------
-- Records of detail_purchase
-- ----------------------------
INSERT INTO `detail_purchase` VALUES ('18', 'PUR2020060411261831332', 'SHT2020060411101423949', '1', '1000');
INSERT INTO `detail_purchase` VALUES ('19', 'PUR2020060412085832037', 'SHT2020060412083992181', '1', '1');
INSERT INTO `detail_purchase` VALUES ('20', 'PUR2020060412085832037', 'SHT2020060412083992181', '2', '1000');
INSERT INTO `detail_purchase` VALUES ('21', 'PUR2020060412085832037', 'SHT2020060412083992181', '3', '1000');
INSERT INTO `detail_purchase` VALUES ('22', 'PUR2020060412085832037', 'SHT2020060412083992181', '4', '1000');
INSERT INTO `detail_purchase` VALUES ('23', 'PUR2020060412085832037', 'SHT2020060412083992181', '5', '1000');
INSERT INTO `detail_purchase` VALUES ('24', 'PUR2020060412085832037', 'SHT2020060412083992181', '6', '1000');
INSERT INTO `detail_purchase` VALUES ('25', 'PUR2020060412085832037', 'SHT2020060412083992181', '7', '1000');
INSERT INTO `detail_purchase` VALUES ('26', 'PUR2020060412085832037', 'SHT2020060412083992181', '8', '1000');
INSERT INTO `detail_purchase` VALUES ('27', 'PUR2020060412085832037', 'SHT2020060412083992181', '9', '1000');
INSERT INTO `detail_purchase` VALUES ('28', 'PUR2020060412085832037', 'SHT2020060412083992181', '10', '1000');
INSERT INTO `detail_purchase` VALUES ('29', 'PUR2020060412085832037', 'SHT2020060412083992181', '11', '1000');
INSERT INTO `detail_purchase` VALUES ('30', 'PUR2020060412085832037', 'SHT2020060412083992181', '12', '1000');
INSERT INTO `detail_purchase` VALUES ('31', 'PUR2020060412085832037', 'SHT2020060412083992181', '13', '1000');
INSERT INTO `detail_purchase` VALUES ('32', 'PUR2020060412085832037', 'SHT2020060412083992181', '14', '1000');
INSERT INTO `detail_purchase` VALUES ('33', 'PUR2020060412085832037', 'SHT2020060412083992181', '15', '1000');
INSERT INTO `detail_purchase` VALUES ('34', 'PUR2020060505144952086', 'SHT2020060505071189212', '3', '1');
INSERT INTO `detail_purchase` VALUES ('35', 'PUR2020060610550677485', 'SHT2020060610541869247', '1', '1');
INSERT INTO `detail_purchase` VALUES ('36', 'PUR2020060610550677485', 'SHT2020060610541869247', '2', '1');
INSERT INTO `detail_purchase` VALUES ('37', 'PUR2020060610550677485', 'SHT2020060610541869247', '4', '1');
INSERT INTO `detail_purchase` VALUES ('38', 'PUR2020060610550677485', 'SHT2020060610541869247', '6', '1');
INSERT INTO `detail_purchase` VALUES ('39', 'PUR2020060610550677485', 'SHT2020060610541869247', '9', '1');
INSERT INTO `detail_purchase` VALUES ('40', 'PUR2020060610550677485', 'SHT2020060610541869247', '10', '1');
INSERT INTO `detail_purchase` VALUES ('41', 'PUR2020060610550677485', 'SHT2020060610541869247', '11', '1');
INSERT INTO `detail_purchase` VALUES ('42', 'PUR2020060610550677485', 'SHT2020060610541869247', '12', '1');
INSERT INTO `detail_purchase` VALUES ('43', 'PUR2020060610550677485', 'SHT2020060610541869247', '13', '1');
INSERT INTO `detail_purchase` VALUES ('44', 'PUR2020060610550677485', 'SHT2020060610541885831', '1', '1');
INSERT INTO `detail_purchase` VALUES ('45', 'PUR2020060610550677485', 'SHT2020060610541885831', '2', '1');
INSERT INTO `detail_purchase` VALUES ('46', 'PUR2020060610550677485', 'SHT2020060610541885831', '4', '1');
INSERT INTO `detail_purchase` VALUES ('47', 'PUR2020060610550677485', 'SHT2020060610541885831', '6', '1');
INSERT INTO `detail_purchase` VALUES ('48', 'PUR2020060610550677485', 'SHT2020060610541885831', '9', '1');
INSERT INTO `detail_purchase` VALUES ('49', 'PUR2020060610550677485', 'SHT2020060610541885831', '10', '1');
INSERT INTO `detail_purchase` VALUES ('50', 'PUR2020060610550677485', 'SHT2020060610541885831', '11', '1');
INSERT INTO `detail_purchase` VALUES ('51', 'PUR2020060610550677485', 'SHT2020060610541885831', '12', '1');
INSERT INTO `detail_purchase` VALUES ('52', 'PUR2020060610550677485', 'SHT2020060610541885831', '13', '1');
INSERT INTO `detail_purchase` VALUES ('53', 'PUR2020060611081759529', 'SHT2020060611075923497', '1', '1');
INSERT INTO `detail_purchase` VALUES ('54', 'PUR2020060709143861742', 'SHT2020060709140854668', '2', '100');
INSERT INTO `detail_purchase` VALUES ('55', 'PUR2020060709143861742', 'SHT2020060709140854668', '5', '100');
INSERT INTO `detail_purchase` VALUES ('56', 'PUR2020060712101048030', 'SHT2020060712095022591', '1', '100');
INSERT INTO `detail_purchase` VALUES ('57', 'PUR2020060712101048030', 'SHT2020060712095022591', '3', '100');
INSERT INTO `detail_purchase` VALUES ('58', 'PUR2020060712101048030', 'SHT2020060712095022591', '5', '100');

-- ----------------------------
-- Table structure for `detail_return`
-- ----------------------------
DROP TABLE IF EXISTS `detail_return`;
CREATE TABLE `detail_return` (
  `id` int(16) NOT NULL AUTO_INCREMENT,
  `bill_id` varchar(50) NOT NULL COMMENT '所属单据编号',
  `goods_id` int(8) NOT NULL COMMENT '货物编号',
  `amount` int(4) NOT NULL COMMENT '数量',
  PRIMARY KEY (`id`),
  UNIQUE KEY `AK_Key_2` (`bill_id`,`goods_id`) USING BTREE,
  KEY `FK_ref33` (`goods_id`),
  CONSTRAINT `FK_ref33` FOREIGN KEY (`goods_id`) REFERENCES `tb_catalog` (`goods_id`),
  CONSTRAINT `FK_ref35` FOREIGN KEY (`bill_id`) REFERENCES `bill_return` (`id`)
) ENGINE=InnoDB DEFAULT CHARSET=utf8 COMMENT='还车单明细';

-- ----------------------------
-- Records of detail_return
-- ----------------------------

-- ----------------------------
-- Table structure for `detail_shortage`
-- ----------------------------
DROP TABLE IF EXISTS `detail_shortage`;
CREATE TABLE `detail_shortage` (
  `id` int(16) NOT NULL AUTO_INCREMENT COMMENT '自增id',
  `bill_id` varchar(50) NOT NULL COMMENT '单据id',
  `goods_id` int(8) NOT NULL COMMENT '货物id',
  `amount` int(4) NOT NULL COMMENT '数量',
  PRIMARY KEY (`id`),
  UNIQUE KEY `AK_Key_2` (`bill_id`,`goods_id`) USING BTREE,
  KEY `FK_ref37` (`goods_id`),
  CONSTRAINT `FK_ref37` FOREIGN KEY (`goods_id`) REFERENCES `tb_catalog` (`goods_id`),
  CONSTRAINT `FK_ref38` FOREIGN KEY (`bill_id`) REFERENCES `bill_shortage` (`id`)
) ENGINE=InnoDB AUTO_INCREMENT=53 DEFAULT CHARSET=utf8 COMMENT='缺货单明细';

-- ----------------------------
-- Records of detail_shortage
-- ----------------------------
INSERT INTO `detail_shortage` VALUES ('10', 'SHT2020060411101423949', '1', '1000');
INSERT INTO `detail_shortage` VALUES ('11', 'SHT2020060412083992181', '1', '1');
INSERT INTO `detail_shortage` VALUES ('12', 'SHT2020060412083992181', '2', '1000');
INSERT INTO `detail_shortage` VALUES ('13', 'SHT2020060412083992181', '3', '1000');
INSERT INTO `detail_shortage` VALUES ('14', 'SHT2020060412083992181', '4', '1000');
INSERT INTO `detail_shortage` VALUES ('15', 'SHT2020060412083992181', '5', '1000');
INSERT INTO `detail_shortage` VALUES ('16', 'SHT2020060412083992181', '6', '1000');
INSERT INTO `detail_shortage` VALUES ('17', 'SHT2020060412083992181', '7', '1000');
INSERT INTO `detail_shortage` VALUES ('18', 'SHT2020060412083992181', '8', '1000');
INSERT INTO `detail_shortage` VALUES ('19', 'SHT2020060412083992181', '9', '1000');
INSERT INTO `detail_shortage` VALUES ('20', 'SHT2020060412083992181', '10', '1000');
INSERT INTO `detail_shortage` VALUES ('21', 'SHT2020060412083992181', '11', '1000');
INSERT INTO `detail_shortage` VALUES ('22', 'SHT2020060412083992181', '12', '1000');
INSERT INTO `detail_shortage` VALUES ('23', 'SHT2020060412083992181', '13', '1000');
INSERT INTO `detail_shortage` VALUES ('24', 'SHT2020060412083992181', '14', '1000');
INSERT INTO `detail_shortage` VALUES ('25', 'SHT2020060412083992181', '15', '1000');
INSERT INTO `detail_shortage` VALUES ('26', 'SHT2020060505071189212', '3', '1');
INSERT INTO `detail_shortage` VALUES ('27', 'SHT2020060610541869247', '1', '1');
INSERT INTO `detail_shortage` VALUES ('28', 'SHT2020060610541885831', '1', '1');
INSERT INTO `detail_shortage` VALUES ('29', 'SHT2020060610541885831', '2', '1');
INSERT INTO `detail_shortage` VALUES ('30', 'SHT2020060610541869247', '2', '1');
INSERT INTO `detail_shortage` VALUES ('31', 'SHT2020060610541885831', '4', '1');
INSERT INTO `detail_shortage` VALUES ('32', 'SHT2020060610541885831', '6', '1');
INSERT INTO `detail_shortage` VALUES ('33', 'SHT2020060610541869247', '4', '1');
INSERT INTO `detail_shortage` VALUES ('34', 'SHT2020060610541885831', '9', '1');
INSERT INTO `detail_shortage` VALUES ('35', 'SHT2020060610541869247', '6', '1');
INSERT INTO `detail_shortage` VALUES ('36', 'SHT2020060610541885831', '10', '1');
INSERT INTO `detail_shortage` VALUES ('37', 'SHT2020060610541869247', '9', '1');
INSERT INTO `detail_shortage` VALUES ('38', 'SHT2020060610541885831', '11', '1');
INSERT INTO `detail_shortage` VALUES ('39', 'SHT2020060610541869247', '10', '1');
INSERT INTO `detail_shortage` VALUES ('40', 'SHT2020060610541869247', '11', '1');
INSERT INTO `detail_shortage` VALUES ('41', 'SHT2020060610541885831', '12', '1');
INSERT INTO `detail_shortage` VALUES ('42', 'SHT2020060610541885831', '13', '1');
INSERT INTO `detail_shortage` VALUES ('43', 'SHT2020060610541869247', '12', '1');
INSERT INTO `detail_shortage` VALUES ('44', 'SHT2020060610541869247', '13', '1');
INSERT INTO `detail_shortage` VALUES ('45', 'SHT2020060611075923497', '1', '1');
INSERT INTO `detail_shortage` VALUES ('46', 'SHT2020060709140854668', '2', '100');
INSERT INTO `detail_shortage` VALUES ('47', 'SHT2020060709140854668', '5', '100');
INSERT INTO `detail_shortage` VALUES ('48', 'SHT2020060712095022591', '1', '100');
INSERT INTO `detail_shortage` VALUES ('49', 'SHT2020060712095022591', '3', '100');
INSERT INTO `detail_shortage` VALUES ('50', 'SHT2020060712095022591', '5', '100');
INSERT INTO `detail_shortage` VALUES ('51', 'SHT2020060811041542408', '1', '100');
INSERT INTO `detail_shortage` VALUES ('52', 'SHT2020060811041542408', '3', '100');

-- ----------------------------
-- Table structure for `fd_inventory`
-- ----------------------------
DROP TABLE IF EXISTS `fd_inventory`;
CREATE TABLE `fd_inventory` (
  `id` int(8) NOT NULL AUTO_INCREMENT,
  `goods_id` int(8) NOT NULL,
  `cur_amount` int(4) NOT NULL,
  PRIMARY KEY (`id`),
  KEY `AK_Key_2` (`goods_id`),
  CONSTRAINT `FK_Reference_42` FOREIGN KEY (`goods_id`) REFERENCES `tb_catalog` (`goods_id`)
) ENGINE=InnoDB AUTO_INCREMENT=16 DEFAULT CHARSET=utf8mb4;

-- ----------------------------
-- Records of fd_inventory
-- ----------------------------
INSERT INTO `fd_inventory` VALUES ('1', '1', '9949');
INSERT INTO `fd_inventory` VALUES ('2', '2', '9939');
INSERT INTO `fd_inventory` VALUES ('3', '3', '9965');
INSERT INTO `fd_inventory` VALUES ('4', '4', '9978');
INSERT INTO `fd_inventory` VALUES ('5', '5', '9988');
INSERT INTO `fd_inventory` VALUES ('6', '6', '9986');
INSERT INTO `fd_inventory` VALUES ('7', '7', '9978');
INSERT INTO `fd_inventory` VALUES ('8', '8', '9991');
INSERT INTO `fd_inventory` VALUES ('9', '9', '9994');
INSERT INTO `fd_inventory` VALUES ('10', '10', '9974');
INSERT INTO `fd_inventory` VALUES ('11', '11', '9993');
INSERT INTO `fd_inventory` VALUES ('12', '12', '9994');
INSERT INTO `fd_inventory` VALUES ('13', '13', '9995');
INSERT INTO `fd_inventory` VALUES ('14', '14', '9996');
INSERT INTO `fd_inventory` VALUES ('15', '15', '9993');

-- ----------------------------
-- Table structure for `syslog`
-- ----------------------------
DROP TABLE IF EXISTS `syslog`;
CREATE TABLE `syslog` (
  `id` bigint(32) NOT NULL AUTO_INCREMENT,
  `staff_account` varchar(16) DEFAULT NULL,
  `staff_name` varchar(4) DEFAULT NULL,
  `operation` varchar(16) DEFAULT NULL,
  `request_method` text,
  `request_params` text,
  `time` bigint(20) DEFAULT NULL,
  `ip` varchar(32) DEFAULT NULL,
  `date` timestamp NULL DEFAULT CURRENT_TIMESTAMP,
  PRIMARY KEY (`id`)
) ENGINE=InnoDB AUTO_INCREMENT=43 DEFAULT CHARSET=utf8mb4;

-- ----------------------------
-- Records of syslog
-- ----------------------------
INSERT INTO `syslog` VALUES ('1', 'manager', '杨明康', '获取管理员个人信息', 'top.kindless.billtest.controller.AdminController.getAdminProfile()', '[]', '11', '192.168.56.1', '2020-06-06 14:24:29');
INSERT INTO `syslog` VALUES ('2', 'manager', '杨明康', '管理员注销', 'top.kindless.billtest.controller.AdminController.adminLogout()', '[]', '4', '192.168.56.1', '2020-06-06 14:24:54');
INSERT INTO `syslog` VALUES ('3', 'hr', '杨明康', '获取管理员个人信息', 'top.kindless.billtest.controller.AdminController.getAdminProfile()', '[]', '11', '192.168.56.1', '2020-06-06 14:27:31');
INSERT INTO `syslog` VALUES ('4', 'hr', '杨明康', '获取管理员个人信息', 'top.kindless.billtest.controller.AdminController.getAdminProfile()', '[]', '7', '192.168.56.1', '2020-06-06 14:41:10');
INSERT INTO `syslog` VALUES ('5', 'manager', '杨明康', '获取管理员个人信息', 'top.kindless.billtest.controller.AdminController.getAdminProfile()', '[]', '8', '192.168.56.1', '2020-06-06 17:10:53');
INSERT INTO `syslog` VALUES ('6', 'manager', '杨明康', '获取所有验收单预览信息', 'top.kindless.billtest.controller.CheckController.findAllCheckPreview()', '[0,8]', '13', '192.168.56.1', '2020-06-06 17:11:05');
INSERT INTO `syslog` VALUES ('7', 'manager', '杨明康', '获取所有验收单数量', 'top.kindless.billtest.controller.CheckController.getCount()', '[]', '27', '192.168.56.1', '2020-06-06 17:11:05');
INSERT INTO `syslog` VALUES ('8', 'manager', '杨明康', '根据单据编号查询验收单详情', 'top.kindless.billtest.controller.CheckController.findCheckVoById()', '[\"CHK2020060611151611015\"]', '12', '192.168.56.1', '2020-06-06 17:11:06');
INSERT INTO `syslog` VALUES ('9', 'hr', '杨明康', '获取管理员个人信息', 'top.kindless.billtest.controller.AdminController.getAdminProfile()', '[]', '9', '192.168.56.1', '2020-06-06 17:16:39');
INSERT INTO `syslog` VALUES ('10', 'manager', '杨明康', '获取管理员个人信息', 'top.kindless.billtest.controller.AdminController.getAdminProfile()', '[]', '9', '192.168.56.1', '2020-06-06 17:20:12');
INSERT INTO `syslog` VALUES ('11', 'manager', '杨明康', '审核订单', 'top.kindless.billtest.controller.OrderController.verifyOrder()', '[{\"billId\":\"ORD2020060610441073618\",\"statusId\":3}]', '178', '192.168.56.1', '2020-06-06 18:18:30');
INSERT INTO `syslog` VALUES ('12', 'manager', '杨明康', '审核订单', 'top.kindless.billtest.controller.OrderController.verifyOrder()', '[{\"billId\":\"ORD2020060610112763269\",\"statusId\":3}]', '9', '192.168.56.1', '2020-06-06 18:18:31');
INSERT INTO `syslog` VALUES ('13', 'manager', '杨明康', '生成出库单', 'top.kindless.billtest.controller.OdoController.addToOdo()', '[{\"billIdList\":[\"ORD2020060610441073618\",\"ORD2020060610112763269\"]}]', '181', '192.168.56.1', '2020-06-06 21:56:47');
INSERT INTO `syslog` VALUES ('14', 'manager', '杨明康', '生成发货单', 'top.kindless.billtest.controller.InvoiceController.generateInvoiceList()', '[{\"billIdList\":[\"ODO2020060609564678358\"]}]', '66', '192.168.56.1', '2020-06-06 21:59:38');
INSERT INTO `syslog` VALUES ('15', 'manager', '杨明康', '查询所有员工信息', 'top.kindless.billtest.controller.AdminController.findAllAdminVo()', '[]', '4', '192.168.56.1', '2020-06-06 22:09:01');
INSERT INTO `syslog` VALUES ('16', 'manager', '杨明康', '添加管理员', 'top.kindless.billtest.controller.AdminController.addAdmin()', '[{\"id\":\"staff_75646a1dd7464debbce479385138e86f\",\"departmentId\":8,\"account\":\"1\",\"password\":\"1\",\"name\":\"杨明康\",\"telephone\":\"123456\"}]', '21', '192.168.56.1', '2020-06-06 22:10:39');
INSERT INTO `syslog` VALUES ('17', 'manager', '杨明康', '管理员注销', 'top.kindless.billtest.controller.AdminController.adminLogout()', '[]', '3', '192.168.56.1', '2020-06-06 22:10:53');
INSERT INTO `syslog` VALUES ('18', 'storeman', '李四', '管理员注销', 'top.kindless.billtest.controller.AdminController.adminLogout()', '[]', '2', '192.168.56.1', '2020-06-06 22:11:48');
INSERT INTO `syslog` VALUES ('19', 'manager', '杨明康', '审核订单', 'top.kindless.billtest.controller.OrderController.verifyOrder()', '[{\"billId\":\"ORD2020060709103357050\",\"statusId\":3}]', '9', '192.168.56.1', '2020-06-07 09:10:53');
INSERT INTO `syslog` VALUES ('20', 'manager', '杨明康', '生成出库单', 'top.kindless.billtest.controller.OdoController.addToOdo()', '[{\"billIdList\":[\"ORD2020060709103357050\"]}]', '50', '192.168.56.1', '2020-06-07 09:11:03');
INSERT INTO `syslog` VALUES ('21', 'manager', '杨明康', '生成发货单', 'top.kindless.billtest.controller.InvoiceController.generateInvoiceList()', '[{\"billIdList\":[\"ODO2020060709110399239\"]}]', '48', '192.168.56.1', '2020-06-07 09:11:15');
INSERT INTO `syslog` VALUES ('22', 'manager', '杨明康', '生成验收单', 'top.kindless.billtest.controller.CheckController.generateBillCheck()', '[{\"billIdList\":[\"RET2020060709114680282\"]}]', '68', '192.168.56.1', '2020-06-07 09:12:19');
INSERT INTO `syslog` VALUES ('23', 'manager', '杨明康', '生成入库单', 'top.kindless.billtest.controller.EnterController.generateBillEnter()', '[{\"billIdList\":[\"CHK2020060709121930612\"]}]', '49', '192.168.56.1', '2020-06-07 09:12:36');
INSERT INTO `syslog` VALUES ('24', 'manager', '杨明康', '生成缺货单', 'top.kindless.billtest.controller.ShortageController.generateShortage()', '[{\"shortageParams\":[{\"goodsId\":2,\"amount\":100},{\"goodsId\":5,\"amount\":100}]}]', '41', '192.168.56.1', '2020-06-07 09:14:09');
INSERT INTO `syslog` VALUES ('25', 'manager', '杨明康', '生成采购单', 'top.kindless.billtest.controller.PurchaseController.generatePurchase()', '[{\"billPurchase\":{\"id\":\"PUR2020060709143861742\",\"createTime\":null,\"updateTime\":null,\"staffId\":\"staff_fbd68f29461441bdbc4f387f2590a1b3\",\"statusId\":6,\"sendTime\":\"2020-06-14 9:14:30\",\"address\":\"北京\"},\"billIdList\":[\"SHT2020060709140854668\"]}]', '48', '192.168.56.1', '2020-06-07 09:14:38');
INSERT INTO `syslog` VALUES ('26', 'manager', '杨明康', '生成验收单', 'top.kindless.billtest.controller.CheckController.generateBillCheck()', '[{\"billIdList\":[\"PUR2020060709143861742\"]}]', '35', '192.168.56.1', '2020-06-07 09:15:18');
INSERT INTO `syslog` VALUES ('27', 'manager', '杨明康', '生成入库单', 'top.kindless.billtest.controller.EnterController.generateBillEnter()', '[{\"billIdList\":[\"CHK2020060709151737435\"]}]', '31', '192.168.56.1', '2020-06-07 09:15:33');
INSERT INTO `syslog` VALUES ('28', 'manager', '杨明康', '添加管理员', 'top.kindless.billtest.controller.AdminController.addAdmin()', '[{\"id\":\"staff_cc1894c8cfb346858fc64ae071d39259\",\"departmentId\":7,\"account\":\"2\",\"password\":\"2\",\"name\":\"杨明康\",\"telephone\":\"18888888888\"}]', '19', '192.168.56.1', '2020-06-07 09:32:37');
INSERT INTO `syslog` VALUES ('29', 'manager', '杨明康', '管理员注销', 'top.kindless.billtest.controller.AdminController.adminLogout()', '[]', '4', '192.168.56.1', '2020-06-07 09:32:41');
INSERT INTO `syslog` VALUES ('30', '2', '杨明康', '审核订单', 'top.kindless.billtest.controller.OrderController.verifyOrder()', '[{\"billId\":\"ORD2020060712080407514\",\"statusId\":3}]', '13', '192.168.56.1', '2020-06-07 12:08:28');
INSERT INTO `syslog` VALUES ('31', '2', '杨明康', '审核订单', 'top.kindless.billtest.controller.OrderController.verifyOrder()', '[{\"billId\":\"ORD2020060710121242123\",\"statusId\":3}]', '10', '192.168.56.1', '2020-06-07 12:08:29');
INSERT INTO `syslog` VALUES ('32', '2', '杨明康', '生成出库单', 'top.kindless.billtest.controller.OdoController.addToOdo()', '[{\"billIdList\":[\"ORD2020060712080407514\",\"ORD2020060710121242123\"]}]', '65', '192.168.56.1', '2020-06-07 12:08:44');
INSERT INTO `syslog` VALUES ('33', '2', '杨明康', '生成发货单', 'top.kindless.billtest.controller.InvoiceController.generateInvoiceList()', '[{\"billIdList\":[\"ODO2020060712084415338\"]}]', '51', '192.168.56.1', '2020-06-07 12:09:04');
INSERT INTO `syslog` VALUES ('34', '2', '杨明康', '生成缺货单', 'top.kindless.billtest.controller.ShortageController.generateShortage()', '[{\"shortageParams\":[{\"goodsId\":1,\"amount\":100},{\"goodsId\":3,\"amount\":100},{\"goodsId\":5,\"amount\":100}]}]', '21', '192.168.56.1', '2020-06-07 12:09:50');
INSERT INTO `syslog` VALUES ('35', '2', '杨明康', '生成采购单', 'top.kindless.billtest.controller.PurchaseController.generatePurchase()', '[{\"billPurchase\":{\"id\":\"PUR2020060712101048030\",\"createTime\":null,\"updateTime\":null,\"staffId\":\"staff_cc1894c8cfb346858fc64ae071d39259\",\"statusId\":6,\"sendTime\":\"2020-06-14 12:10:7\",\"address\":\"北京\"},\"billIdList\":[\"SHT2020060712095022591\"]}]', '31', '192.168.56.1', '2020-06-07 12:10:11');
INSERT INTO `syslog` VALUES ('36', '2', '杨明康', '查询所有员工信息', 'top.kindless.billtest.controller.AdminController.findAllAdminVo()', '[]', '7', '192.168.3.9', '2020-06-08 10:20:27');
INSERT INTO `syslog` VALUES ('37', '2', '杨明康', '审核订单', 'top.kindless.billtest.controller.OrderController.verifyOrder()', '[{\"billId\":\"ORD2020060810482963976\",\"statusId\":3}]', '106', '192.168.3.9', '2020-06-08 11:02:46');
INSERT INTO `syslog` VALUES ('38', '2', '杨明康', '生成出库单', 'top.kindless.billtest.controller.OdoController.addToOdo()', '[{\"billIdList\":[\"ORD2020060810482963976\"]}]', '53', '192.168.3.9', '2020-06-08 11:02:54');
INSERT INTO `syslog` VALUES ('39', '2', '杨明康', '生成发货单', 'top.kindless.billtest.controller.InvoiceController.generateInvoiceList()', '[{\"billIdList\":[\"ODO2020060811025457263\"]}]', '40', '192.168.3.9', '2020-06-08 11:03:03');
INSERT INTO `syslog` VALUES ('40', '2', '杨明康', '查询所有员工信息', 'top.kindless.billtest.controller.AdminController.findAllAdminVo()', '[]', '4', '192.168.3.9', '2020-06-08 11:03:49');
INSERT INTO `syslog` VALUES ('41', '2', '杨明康', '生成缺货单', 'top.kindless.billtest.controller.ShortageController.generateShortage()', '[{\"shortageParams\":[{\"goodsId\":1,\"amount\":100},{\"goodsId\":3,\"amount\":100}]}]', '37', '192.168.3.9', '2020-06-08 11:04:16');
INSERT INTO `syslog` VALUES ('42', 'manager', '杨明康', '管理员注销', 'top.kindless.billtest.controller.AdminController.adminLogout()', '[]', '4', '192.168.56.1', '2020-06-15 18:34:54');

-- ----------------------------
-- Table structure for `tb_cart`
-- ----------------------------
DROP TABLE IF EXISTS `tb_cart`;
CREATE TABLE `tb_cart` (
  `id` int(16) NOT NULL AUTO_INCREMENT,
  `user_id` varchar(50) NOT NULL COMMENT '所属用户的id',
  `goods_id` int(8) NOT NULL COMMENT '货物id',
  `amount` int(8) NOT NULL COMMENT '数量',
  PRIMARY KEY (`id`),
  KEY `FK_ref1` (`goods_id`),
  KEY `FK_ref2` (`user_id`),
  CONSTRAINT `FK_ref1` FOREIGN KEY (`goods_id`) REFERENCES `tb_catalog` (`goods_id`),
  CONSTRAINT `FK_ref2` FOREIGN KEY (`user_id`) REFERENCES `tb_user` (`id`)
) ENGINE=InnoDB AUTO_INCREMENT=3 DEFAULT CHARSET=utf8;

-- ----------------------------
-- Records of tb_cart
-- ----------------------------
INSERT INTO `tb_cart` VALUES ('2', 'user_f36be60651c34f318f8f49c8cb95fe96', '2', '1');

-- ----------------------------
-- Table structure for `tb_catalog`
-- ----------------------------
DROP TABLE IF EXISTS `tb_catalog`;
CREATE TABLE `tb_catalog` (
  `goods_id` int(8) NOT NULL COMMENT '货物id，用于精确到商品每一个型号的库存量 ',
  `commodity_id` int(8) NOT NULL COMMENT '商品id，用于确定商品类型',
  `specification_id` int(1) NOT NULL COMMENT '规格id',
  `amount` int(4) NOT NULL,
  PRIMARY KEY (`goods_id`),
  KEY `FK_ref12` (`commodity_id`),
  KEY `FK_ref13` (`specification_id`),
  CONSTRAINT `FK_ref12` FOREIGN KEY (`commodity_id`) REFERENCES `tb_commodity` (`id`),
  CONSTRAINT `FK_ref13` FOREIGN KEY (`specification_id`) REFERENCES `tb_specification` (`id`)
) ENGINE=InnoDB DEFAULT CHARSET=utf8;

-- ----------------------------
-- Records of tb_catalog
-- ----------------------------
INSERT INTO `tb_catalog` VALUES ('1', '1', '1', '9999');
INSERT INTO `tb_catalog` VALUES ('2', '1', '2', '9999');
INSERT INTO `tb_catalog` VALUES ('3', '1', '3', '9999');
INSERT INTO `tb_catalog` VALUES ('4', '2', '1', '9999');
INSERT INTO `tb_catalog` VALUES ('5', '2', '2', '9999');
INSERT INTO `tb_catalog` VALUES ('6', '2', '3', '9999');
INSERT INTO `tb_catalog` VALUES ('7', '3', '1', '9999');
INSERT INTO `tb_catalog` VALUES ('8', '3', '2', '9999');
INSERT INTO `tb_catalog` VALUES ('9', '3', '3', '9999');
INSERT INTO `tb_catalog` VALUES ('10', '4', '1', '9999');
INSERT INTO `tb_catalog` VALUES ('11', '4', '2', '9999');
INSERT INTO `tb_catalog` VALUES ('12', '4', '3', '9999');
INSERT INTO `tb_catalog` VALUES ('13', '5', '1', '9999');
INSERT INTO `tb_catalog` VALUES ('14', '5', '2', '9999');
INSERT INTO `tb_catalog` VALUES ('15', '5', '3', '9999');

-- ----------------------------
-- Table structure for `tb_commodity`
-- ----------------------------
DROP TABLE IF EXISTS `tb_commodity`;
CREATE TABLE `tb_commodity` (
  `id` int(8) NOT NULL AUTO_INCREMENT COMMENT '商品id',
  `commodity_name` char(16) NOT NULL COMMENT '商品名称',
  `price` float NOT NULL COMMENT '商品价格',
  `img_url` varchar(128) NOT NULL COMMENT '图片地址',
  PRIMARY KEY (`id`)
) ENGINE=InnoDB AUTO_INCREMENT=6 DEFAULT CHARSET=utf8;

-- ----------------------------
-- Records of tb_commodity
-- ----------------------------
INSERT INTO `tb_commodity` VALUES ('1', '自行车001', '199', 'https://g-search1.alicdn.com/img/bao/uploaded/i4/i2/2081116161/O1CN01N21PSR1vNml8oCVAn_!!0-item_pic.jpg_580x580Q90.jpg_.webp');
INSERT INTO `tb_commodity` VALUES ('2', '自行车002', '139', 'https://g-search2.alicdn.com/img/bao/uploaded/i4/i4/2207364928295/O1CN01PlBFgN2B99xRsP1pE_!!0-item_pic.jpg_580x580Q90.jpg_.webp');
INSERT INTO `tb_commodity` VALUES ('3', '自行车003', '499', 'https://g-search1.alicdn.com/img/bao/uploaded/i4/i1/2207364928295/O1CN01fNPSRa2B99xbo1dxM_!!0-item_pic.jpg_580x580Q90.jpg_.webp');
INSERT INTO `tb_commodity` VALUES ('4', '自行车004', '1299', 'https://g-search3.alicdn.com/img/bao/uploaded/i4/i1/352469034/O1CN01KYVxYR2GbceAvaZHd_!!0-item_pic.jpg_580x580Q90.jpg_.webp');
INSERT INTO `tb_commodity` VALUES ('5', '自行车005', '998', 'https://g-search3.alicdn.com/img/bao/uploaded/i4/i2/3819846366/O1CN01SyqZ571wtfxAH2lHp_!!0-item_pic.jpg_580x580Q90.jpg_.webp');

-- ----------------------------
-- Table structure for `tb_department`
-- ----------------------------
DROP TABLE IF EXISTS `tb_department`;
CREATE TABLE `tb_department` (
  `id` int(2) NOT NULL AUTO_INCREMENT COMMENT '部门id',
  `department_name` varchar(8) NOT NULL COMMENT '部门名字',
  `position` text NOT NULL COMMENT '职务描述',
  PRIMARY KEY (`id`)
) ENGINE=InnoDB AUTO_INCREMENT=9 DEFAULT CHARSET=utf8;

-- ----------------------------
-- Records of tb_department
-- ----------------------------
INSERT INTO `tb_department` VALUES ('1', '销售部', '审核用户订单、审核用户还车单、管理商品信息');
INSERT INTO `tb_department` VALUES ('2', '仓库管理部', '管理库存、出库、入库');
INSERT INTO `tb_department` VALUES ('3', '发货部', '根据出库单发货、分拣货物');
INSERT INTO `tb_department` VALUES ('4', '验收部', '验收货物是否与单据一致');
INSERT INTO `tb_department` VALUES ('5', '采购部', '根据缺货单采购货物');
INSERT INTO `tb_department` VALUES ('6', '人事部', '管理其他管理员');
INSERT INTO `tb_department` VALUES ('7', '总经理', '使用系统的所有功能');
INSERT INTO `tb_department` VALUES ('8', '技术部', '使用系统所有功能');

-- ----------------------------
-- Table structure for `tb_specification`
-- ----------------------------
DROP TABLE IF EXISTS `tb_specification`;
CREATE TABLE `tb_specification` (
  `id` int(1) NOT NULL AUTO_INCREMENT COMMENT '规格id',
  `specification_name` varchar(32) NOT NULL COMMENT '规格名称',
  PRIMARY KEY (`id`)
) ENGINE=InnoDB AUTO_INCREMENT=4 DEFAULT CHARSET=utf8;

-- ----------------------------
-- Records of tb_specification
-- ----------------------------
INSERT INTO `tb_specification` VALUES ('1', '红色');
INSERT INTO `tb_specification` VALUES ('2', '黑色');
INSERT INTO `tb_specification` VALUES ('3', '黄色');

-- ----------------------------
-- Table structure for `tb_staff`
-- ----------------------------
DROP TABLE IF EXISTS `tb_staff`;
CREATE TABLE `tb_staff` (
  `id` varchar(50) NOT NULL COMMENT '员工id',
  `department_id` int(2) NOT NULL COMMENT '员工所在部门id',
  `account` varchar(16) NOT NULL COMMENT '员工账号',
  `password` varchar(16) NOT NULL COMMENT '密码',
  `name` varchar(4) NOT NULL COMMENT '姓名',
  `telephone` varchar(11) NOT NULL COMMENT '电话号码',
  PRIMARY KEY (`id`),
  UNIQUE KEY `AK_Key_2` (`account`) USING BTREE,
  KEY `FK_ref41` (`department_id`),
  CONSTRAINT `FK_ref41` FOREIGN KEY (`department_id`) REFERENCES `tb_department` (`id`)
) ENGINE=InnoDB DEFAULT CHARSET=utf8;

-- ----------------------------
-- Records of tb_staff
-- ----------------------------
INSERT INTO `tb_staff` VALUES ('staff_00405802b0f04fde9c966ab846b7f2a7', '6', 'admin', 'admin', '杨明康', '18381423513');
INSERT INTO `tb_staff` VALUES ('staff_014a781d08814e50a6bc3e6783cc5228', '8', 'superadmin', 'superadmin', '杨明康', '18381423513');
INSERT INTO `tb_staff` VALUES ('staff_033d8428dd134a54b655c9a6133ceb32', '4', 'inceptor', 'inceptor', '严守元', '11122233344');
INSERT INTO `tb_staff` VALUES ('staff_0cf0491d8e1149088b054451e4946f12', '1', 'salesperson', 'salesperson', '张三', 'string');
INSERT INTO `tb_staff` VALUES ('staff_6335009e099a408581929109bbca3152', '1', 'dwa', 'dwa', 'dwa', '1234');
INSERT INTO `tb_staff` VALUES ('staff_6bc8042ef5aa43128ed5f9a6504b07df', '2', '123', '123', '张八', '11111111111');
INSERT INTO `tb_staff` VALUES ('staff_75646a1dd7464debbce479385138e86f', '8', '1', '1', '杨明康', '123456');
INSERT INTO `tb_staff` VALUES ('staff_7d4e9966e2e24dd7a8c6e6d96214ea7e', '5', 'buyer', 'buyer', '杨明康', '18812345678');
INSERT INTO `tb_staff` VALUES ('staff_cc1894c8cfb346858fc64ae071d39259', '7', '2', '2', '杨明康', '18888888888');
INSERT INTO `tb_staff` VALUES ('staff_cddd4a16023647349af50883990712cc', '2', 'storeman2', '123456', '李四', '132456');
INSERT INTO `tb_staff` VALUES ('staff_d59ff407abfd42bf8c4e6620554bd0d7', '6', 'hr', 'hr', '杨明康', '18888888888');
INSERT INTO `tb_staff` VALUES ('staff_da57eff4047448168828b357081d07b5', '2', 'storeman1', 'storeman', '李四', '1123456');
INSERT INTO `tb_staff` VALUES ('staff_db4edec69a3b486d8dab0b3265c8a0f6', '3', 'shipper', 'shipper', '王五', '18888888888');
INSERT INTO `tb_staff` VALUES ('staff_e94ccf8c30494fe1b714d6fc539e13d0', '1', '111', '111', '张三', '123456');
INSERT INTO `tb_staff` VALUES ('staff_f8d65f715c2c417899a8e95b9e29a11f', '2', 'storeman', 'storeman', '李四', 'string');
INSERT INTO `tb_staff` VALUES ('staff_fbd68f29461441bdbc4f387f2590a1b3', '7', 'manager', 'manager', '杨明康', '18381423513');

-- ----------------------------
-- Table structure for `tb_status`
-- ----------------------------
DROP TABLE IF EXISTS `tb_status`;
CREATE TABLE `tb_status` (
  `id` int(2) NOT NULL AUTO_INCREMENT,
  `status_name` varchar(8) NOT NULL,
  PRIMARY KEY (`id`)
) ENGINE=InnoDB AUTO_INCREMENT=13 DEFAULT CHARSET=utf8;

-- ----------------------------
-- Records of tb_status
-- ----------------------------
INSERT INTO `tb_status` VALUES ('1', '待审核');
INSERT INTO `tb_status` VALUES ('2', '未通过');
INSERT INTO `tb_status` VALUES ('3', '待出库');
INSERT INTO `tb_status` VALUES ('4', '待发货');
INSERT INTO `tb_status` VALUES ('5', '已发货');
INSERT INTO `tb_status` VALUES ('6', '待验收');
INSERT INTO `tb_status` VALUES ('7', '已验收');
INSERT INTO `tb_status` VALUES ('8', '待入库');
INSERT INTO `tb_status` VALUES ('9', '已入库');
INSERT INTO `tb_status` VALUES ('10', '已归还');
INSERT INTO `tb_status` VALUES ('11', '待采购');
INSERT INTO `tb_status` VALUES ('12', '已采购');

-- ----------------------------
-- Table structure for `tb_user`
-- ----------------------------
DROP TABLE IF EXISTS `tb_user`;
CREATE TABLE `tb_user` (
  `id` varchar(50) NOT NULL COMMENT '用户uid',
  `account` varchar(16) NOT NULL COMMENT '用户账号',
  `password` varchar(16) NOT NULL COMMENT '用户密码（加密后）',
  `telephone` varchar(11) NOT NULL COMMENT '电话号码',
  `address` text NOT NULL COMMENT '收货地址',
  `credit_score` int(3) NOT NULL DEFAULT '80' COMMENT '信誉分',
  PRIMARY KEY (`id`),
  UNIQUE KEY `AK_Key_2` (`account`) USING BTREE
) ENGINE=InnoDB DEFAULT CHARSET=utf8;

-- ----------------------------
-- Records of tb_user
-- ----------------------------
INSERT INTO `tb_user` VALUES ('user_f36be60651c34f318f8f49c8cb95fe96', 'test', 'test', '18888888888', '北京市海淀区西土城路10号', '80');
INSERT INTO `tb_user` VALUES ('user_f671f9b7073847138fd69da59a429fb2', 'string', 'string', 'string', 'string', '80');

-- ----------------------------
-- View structure for `出库视图`
-- ----------------------------
DROP VIEW IF EXISTS `出库视图`;
CREATE ALGORITHM=UNDEFINED DEFINER=`root`@`%` SQL SECURITY DEFINER VIEW `出库视图` AS select `detail_odo`.`goods_id` AS `goods_id`,sum(`detail_odo`.`amount`) AS `sum_amount` from `detail_odo` group by `detail_odo`.`goods_id` order by `detail_odo`.`goods_id` ;

-- ----------------------------
-- View structure for `入库视图`
-- ----------------------------
DROP VIEW IF EXISTS `入库视图`;
CREATE ALGORITHM=UNDEFINED DEFINER=`root`@`%` SQL SECURITY DEFINER VIEW `入库视图` AS select `detail_enter`.`goods_id` AS `goods_id`,sum(`detail_enter`.`amount`) AS `sum_amount` from `detail_enter` group by `detail_enter`.`goods_id` order by `detail_enter`.`goods_id` ;
